id,source,comment,sentiment
38999,vaahaka.com,މި ބައިވެސް ވަރަށް ރީތި. ޝުކުރިއްޔާ އަފާ ކޮއްކޮ. 17 ވަނަ ބަޔަށްވެސް އިންތިޒާރު ކުރާނަން. އަފާ ކޮއްކޮއަށް ބާއްޖަވެރި ދުވަސްތަކަކަށް އެދެން.,1
39000,vaahaka.com,♥️♥️ޝުކުރިއްޔާ ޒޯއީ,1
39001,vaahaka.com,އިންޝާ ﷲ މިރޭ އަޕްކުރާނަން,1
39002,vaahaka.com,"1 ސައުބާން
19 މޭ 1558
އެއީ ސަހީދުން ގެ ދުވަސް",1
39003,vaahaka.com,ބާއި އުން👋 ގުޑް ނަޓް😴😴ލަވް ޔޫ💋💋އެސް އަ ފްރެންޑް😒😒,1
39004,vaahaka.com,ބާއި👋👋👋👋,1
39005,vaahaka.com,ޔާ.. ދެން ނެތް މާ ގިނަ ޕަސެންޓެއް..😟😟😟😟,0
39006,vaahaka.com,ތޭންކްސް ޑެއިސީ..😁😁😁,1
39007,vaahaka.com,އުން ދިޔައީތަ؟,1
39008,vaahaka.com,"ހޭ.. ދެން މިހެން ހުރެވޭކަށް ނެތޭ.. ގުޑް ނައިޓް އޯލް.. ސީޔޫ އޯލް ޓުމޯރު.. ބަޓް ހޭލާ ގޮތަކަށް ނޫން.. ހޭލާގޮތަށް ޖެހޭނީ ފޯނު ޗާޖަށް ޖަހަން&#8230; ބާއި ގާއިޒް..💤💤😴😴😴🌆🌆🌃🌃🌌🌌🌉🌉",1
39009,vaahaka.com,"ޔާރ&#8230;. ނުކުރާނަމޭ ދިމައެއް",0
39011,vaahaka.com,"ޔާ.. ދެން އެ ވާހަކަ ނުދައްކައްޗޭ&#8230; މިހާރު ބޯ ހޮވައިފި ހަމަ ރަނގަޅަށް ވެސް.. ދެން ނުކިޔާދެވޭނެ ހުރިހާ ކަމެއް.. ޕަބްލިކް ނޫނިއްޔާ ބުނާނީ😞😞😞😅😅",0
39012,vaahaka.com,މިހެން ބުނީމަ އުންއާ ދިމާ ނުކުރައްޗޭ..😟😟😟😟😟,1
39013,vaahaka.com,"އެހެންތަ&#8230;",1
39014,vaahaka.com,މުޅިއަކުން ދޮގެއް ނޫން.. ބަޓް އަދި އެ ބޯއި ނާހައި ޖީއެފް އަށް ވާކަށް..😁😁😅😅😅😅😅,1
39015,vaahaka.com,"ފިލާވަޅު ތަކާމެދު&#8230; ދެން ވިސްނާނެ އެހެން ކަންކަން ހުނާނެދޯ&#8230; އަސްލު މިއަދު ވަރަށް އުފާވެރި ކަމަކާ މެދު ވިސްނީ..😃😃😃",1
39017,vaahaka.com,"މަޝެއް އެހާ އަވަހަކައް ނުނިދާނަން&#8230;.",1
39019,vaahaka.com,ކޮންކަމަކާތަ އެވަރައް ވިސްނީ؟؟,1
39020,vaahaka.com,ދެން އޭއި ޑެއިސީ ނިދަނި ކޮންއިރަކުންނޯ😉😉😉,1
39021,vaahaka.com,މި އުޅެނި ބޯ ގޮވައިގެން.. މިއަދު މާ ގިނައިން ވިސްނަން ޖެހޭތީ..😩😩😩😩😩😅😅,1
39022,vaahaka.com,ވަރަށް ރީތި ⁦♥️⁩⁦♥️⁩⁦♥️⁩,1
39023,vaahaka.com,މިމީހުނައް ކިހިނެއްތަމިވަނީ؟؟,1
39025,vaahaka.com,އޯވް ނަސީބެއްނު😁😁😁,1
39026,vaahaka.com,ދެން އަޅޭ😩😩😩,1
39027,vaahaka.com,"އަޅޭ އައި އޭމް ހިއަރ&#8230;.",1
39028,vaahaka.com,އަޅުގަނޑު,1
39030,vaahaka.com,އިނގޭ އޭރުވެސް ނުހުރެވޭނެ ކަން😂,0
39031,vaahaka.com,އަޅެ ކޮންބައެއް އޮންގަ އިނީ😩😩😩,1
39032,vaahaka.com,ދެން އަޅެ ނުހުރެވިގެން މި އައީ😅😅,1
39033,vaahaka.com,"ހަހަހަ&#8230; ވަރައް ފޫހިވާތީ މިއޮތީ&#8230;.",0
39036,vaahaka.com,"އުން ވެސް ދިޔައީދޯ&#8230;. ސޯ ޑެއިސީ ވެސް ދަންވީ ދޯ&#8230;..

    
    
                           
                    
        

    
                        
                    
    1",1
39037,vaahaka.com,މިރޭ ހިޔެއް ނުވޭ އަޕްކޮށްލަދޭވެނެހެންނެއް 😘🥰 އިންޝާ ﷲ މާދަމާ އެއްވަނަ ބައި އަޕްކޮށްލަދެވޭތީ ޓްރައި ކުރާނަން 💖💖 އިންތިޒާރު ކޮށްލާ 🥰😘 ތޭންކްސް އަ ލޮޓް ރެޑްވައިން 🥰💖,1
39038,vaahaka.com,ޑެއިސީ މި ވެސް އުން ގެ އޭޖް ކުއްޖެކޭ😅😅,1
39039,vaahaka.com,އެއްވަނަ ބައި މާދަން އިންޝާ ﷲ 😘💖🥰 ތޭންކްސް @ދޮންތީ 😘🥰,1
39040,vaahaka.com,"ބަޓް ދެން އޯކޭ ވާނެ..💝💝💋💋

    
    
                           
                    
    1",1
39041,vaahaka.com,😞😞😞😞😞,0
39042,vaahaka.com,އިންޝާ ﷲ މާދަން 💖💖 ތޭންކްސް، ނުބުނާނަން ! 💖🥰,0
39043,vaahaka.com,ވަރަށް ބޮޑަށް ސޮރީ މާ ދިގު އިންތިޒާރެއް ކުރަން ޖެއްސުވުނުނަމަ 😅💖😘 ތޭންކްސް އިންޝާ ﷲ ވަރަށް އަވަހަށް އެއްވަނަ ޕާޓްވެސް އަޕްކޮށްލަދޭނަން 💖 ޝުކުރިއްޔާ މިސްޓަރ އޯލްވޭސް ޗާމިންގް 😘 ވަރަށް ބޮޑަށް އުފާވެއްޖެ ޝައިފްގެ ސަޕޯޓް ޔޫންއަށް ލިބޭތީ 💖🥰,1
39044,vaahaka.com,"ވަރަށް ރީތި

    
    
                           
                    
    1",1
39046,vaahaka.com,"އޯކޭ.. މޭބީ ވީ ހޭވް ޓު ގޯ.. ފޯނު ޗާޖު ދަނީ.. އަދި ޖެހޭނެ އެލާމް ކުރަން ވެސް.. ބާއި&#8230; ގުޑް ނައިޓް..😞😞😞😞🌆🌃🌌🌉🌌🌃🌆🌃🌌🌉🌌🌃🌆🌃🌌🌃🌆💤💤💤💤💤💤💤😴😴😴😴",1
39047,vaahaka.com,"މަ ބުނެފިންތަ ދީވާނަ ވެފައޭ މިހިރީ.. މަބުނީ އޭނަ ހާދަ ހޮޓޭ.. ބައިދަވޭ.. އޭނަ ހުންނަނީ މަލްސާމެން ގޭގަ.. މިބުނީ ވާހަކަ ލިޔާ މަލްކޮގެ ވާހަކަ&#8230;&#8230;

    
    
                           
                    
    1",0
39048,vaahaka.com,އާވްވް ތެންކިއު އިޒާ 💖😘 އޭންޖަލް ވާހަކައެއް ނޫން މީ 😅💖 އެކަމަކު ޓައިޓްލް ކިޔާލީމައި ވިންގްސް ލާފައި ހުންނަ ކުއްޖެއް ހުންނާނެ ކަން އެނގޭނެދޯ 💖 ވަރަށް އުފާވެއްޖެ އިޒާއަށް މިކަހަލަ ވާހަކަތައް ރީތިކަން އެނގުނީމައި 😘,1
39049,vaahaka.com,ޔޫ އުޅެނީ 10 ގަ ދޯ,1
39050,vaahaka.com,އަޅޭ.. އާންމުކޮށް އުން ނިދަނީ 3 ގަ.. އެހެންވެ.. އެންޑް އުންމީ ތިހީކުރާ ވަރު ކުޑަ ކުއްޖެއް ނޫން😉😉😁😁😁,1
39051,vaahaka.com,ތޭންކްސް ކައިލް 💖💖 ކައިލް ޔޫންގެ މަސައްކަތް އެޕްރިޝިއޭޓް ކުރާކަން އެނގުނީމަ ވަރަށް އުފާވެއްޖެ 😘 ކައިލްއަށްވެސް އުފާވެރި މުސްތަގުބަލަކަށް އެދެން 💖🥰😘,1
39052,vaahaka.com,"ވރރރރރ މަޖާ

    
    
                           
                    
    1",1
39053,vaahaka.com,"އާން ދޯ&#8230; މަވެސް އެހެންވެ ލެޕްއިން ގިނަފަހަރު ވާހަކަ ކިޔަނީ&#8230;",1
39054,vaahaka.com,މި ކަވާރ ޕިކް ހަދާދިން ކުއްޖާއަށް ޔޫންގެ ފަރާތުން ވަރަށް ބޮޑަށް ތެންކިއު 😘💖,1
39055,vaahaka.com,"އޭ&#8230; ނުދޭބަ.. އުން މި އައީ އޭ.. އުން ކުޑަ މަސައްކަތެއް ކުރަން ޖެހުނީ..😩😩😩😩",1
39056,vaahaka.com,"ސޮރީ ނުބައިކަން ލިޔެވުނީ
އަފާ އަޅުގަނޑު އައް ވުރެން ބޮޑު ވާހަކަ ބުނީ
މިހާރު ގޭޓު ވެއްޖެތަ ޕިންކި",1
39057,vaahaka.com,ތޭންކްސް ޑިއަރ 😘 ވަރަށް އުފާވެއްޖެ ތި ކިޔުންތެރިޔާގެ ސަޕޯޓް ލިބޭކަން އެނގުނީމައި 💖 ސޮރީ ތި ނޭމް ޕްރޮނައުންސް ކުރާކަށް ނޭނގުނު 😘💖 ބަޓް ހަމަ ވަރަށް ވަރަށް ބޮޑަށް ތެންކިއު 😘💖,1
39058,vaahaka.com,ލޮލް,0
39061,vaahaka.com,ތޭންކްސް އަ ލޮޓް އައިކަލް 🥰🥰💖 ވަރަށް އުފާވެއްޖެ އައިކަލްގެ ސަޕޯޓް އަދިވެސް ޔޫންއަށް ލިބޭނެކަން އެނގުނީމައި 😘😘 ތޭންކްސް އަ ލޮޓް 💖💖,1
39062,vaahaka.com,"އަޅޭ ހާދަ ފޯރި ގަދަ ވާނެއޭ ދޯ..؟؟ ބަޓް މައި މޮމް ނުދޭނެ އެހާ ގިނައިން ފޯނެއް.. އަމިއްލަ ފޯނެއް އޮތީމަވެސް ނުދޭނެ ބޭނުންހާ ގަޑިއަކު.. އެހެންވެ އަސްލު&#8230; އެހެން ނޫންނަމަ މިހާރު ޕިންކި ވެސް އެ ތަނަށް ޖޮއިން ވާނަން😅😅😟😟😟",1
39063,vaahaka.com,މިހާރު ބަލަނީ ބޭކާރު ކޮމް ނުކުރެވޭތޯ😔,1
39064,vaahaka.com,އޯވް ޔޫން މީ މާލެ ކުއްޖެއް 😘💖 ތޭންކްސް އެނޮނިމަސް 🥰😘💖,1
39065,vaahaka.com,ތެންކިއު އައިޝާ 🥰💖😘 އިންޝާ ﷲ މާދަން އެއްވަނަ ބައި އަޕްކޮށްލަދޭނަން އިނގޭ 💖💖 ތޭންކްސް އަ ލޮޓް 😘🥰,1
39066,vaahaka.com,"އުން ނިދާކަށް ނުވޭތަ&#8230; ކުޑަކުދިން އަވަހަށް ނިދަންވާނެ ޔޯ&#8230;. ހެހެހެ&#8230; ގުޑް ނައިޓް އޯލް",1
39067,vaahaka.com,އުން ކޮބާ މިހާރު؟,1
39068,vaahaka.com,ތޭންކްސް ޑެއިޒީ  ދެޓް މީންސް އަ ލޮޓް 😘🥰 ވަރަށް އުފާވެއްޖެ ޑެއިޒީގެ ސަޕޯޓް ލިބޭތީ 😘🥰💖,1
39069,vaahaka.com,ވަރަށް ވަރަށް ވަރަށް ވަރަށް ވަރަށް ވަރަށް ވަރަށް ވަރަށް ވަރަށް ވަރަށް ރީތި ވާހަކައެއް. 🙂🙂🙂🙂,1
39070,vaahaka.com,ޝިފާން އެކްސް އެކްސް އެކްސްއަށް ޝުކުރު އަދާކުރާނެ ގޮތެއްވެސް ނޭނގިފައި ޔޫން މިހުންނަނީ 😅😘 ތިކުރީ ޔޫންއަށް ލިބުނު އެންމެ ދިގު އަދި އެންމެ ލޯބި ކޮމެންޓް ކަންނޭނގޭ 💖🥰 އިންޝާ ﷲ ޔޫން އިމްޕްރޫވް ކުރަމުން ކުރިއަށް ދާނަން 😘💖 ވަރަށް އުފާވެއްޖެ ހަމަ ވަރަށް ވަރަށް ވަރަށް ބޮޑަށް 🥰😘💖 ތެންކިއު ސޯ މަޗް ޝިފާން 😘🥰 ޔޫން އަބަދުވެސް ހަނދާން ކުރާނަން ޝިފާން ތިދެއްވާ ސަޕޯޓްގެ މަތިން އިންޝާ ﷲ 💖😘🥰😍,1
39071,vaahaka.com,"ހައި ސްނެޕީ&#8230;..",1
39072,vaahaka.com,ހޭއި ގައިޒް😃,1
39073,vaahaka.com,އުން ވެސް😩😩😩😩,1
39074,vaahaka.com,"ދެން ހަމަ އެކަކުވެސް ނެތްތަ&#8230; އަޅޭ..😭😭😭",1
39075,vaahaka.com,"ވަރަށް ރީތި ވާހަކައެއް 🙂🙂💛💛💛👉ވަރަށް މަޖާ

    
    
                           
                    
    1",1
39076,vaahaka.com,"އުން އަވަހައް އައިސްބަލަ ފޫހިވެގެނޭ މިއުޅެނީ&#8230;..",1
39077,vaahaka.com,އޯވް.. ނަސީބެއްނު😌😌😌,1
39078,vaahaka.com,"ތޯއްޗެއް&#8230; ނޭނގެ 2000 އެރިކަމެއް&#8230; ހެހެ.. ކުއްޖަކު ބުނީމަ އެނގުނީ",1
39079,vaahaka.com,"ޑެއިޒީ ނުދަން އަދި&#8230;..",1
39080,vaahaka.com,އެހެން ދޯ؟؟😅😅,1
39081,vaahaka.com,"ހެހެ&#8230; ނޫނޭ މަ ކުރިން ދުވަހު އެ ވާހަކަ ކިޔަންފެށީވެސް",1
39082,vaahaka.com,ހޭ ކިއުންތެރިއެއް..💝💝💋💋,1
39083,vaahaka.com,އޯވް.. ހެހެ.. ސޮރީ އިނގޭ ބުރައަކަށް ވަންޏާ..😅😅😟,1
39084,vaahaka.com,އޯ . އެމް . ޖީ.. ދޮންކަމަނަ އެތާ ތެރޭ އުޅެންދޯ؟؟😮😮,1
39085,vaahaka.com,ޔާ..😁😁😁,1
39086,vaahaka.com,އޭ ސޮރީ އިނގޭ.. އުން ކުޑަ ކަމަކު ދާންޖެހުނީ.. އެންމެން ދިޔައީތަ؟؟؟😟😟😟,1
39087,vaahaka.com,މިބުނީ އަފާ އަޅުގަނޑު އައްވުރެން ބޮޑު ވާހަކަ,1
39088,vaahaka.com,"އާން&#8230; ދެ ހާހަށްވެސް އެރި&#8230;. ހެހެ",1
39089,vaahaka.com,ޅޮލް,0
39090,vaahaka.com,"އަނެއް ބައި މާދަން އަޕް ކޮށްދޭނަންދޯ؟؟ ވަރަށް ކިޔާހިތުން މި ހުރީ 💓💕♥️

    
    
                           
                    
    2",1
39091,vaahaka.com,"ޔާ.. ބާއި ރީނާ🌝🌝🌝

    
    
                           
                    
    1",1
39092,vaahaka.com,"އޯކޭ ސްޓްރޯބެރީ ޕައި&#8230; ބާއި

    
    
                           
                    
    1",1
39093,vaahaka.com,"&#8216;އެހެންވީމަ އަޅުގަނޑުގެ ދައްތައެއް ދޯ ވަނި&#8217; އެތަންކޮޅު..🤔🤔🤔",1
39094,vaahaka.com,ވަރަށް ރީތި. މަގޭ އަންހެނުން ނަމަ މަރާލަން ވެސް ހިތަށް އަރާނެ,0
39095,vaahaka.com,ހުވާ؟؟؟؟😮😮😮😮,1
39096,vaahaka.com,🤩🤩,1
39097,vaahaka.com,"ގެޓުނުވީ ކޯޗެއް ތަ ޕިންކި

    
    
                           
                    
    1",1
39098,vaahaka.com,"އާނ.. އެކަމަކު މަ ކިޔާނީ މަލާ..😉🌝🌝🌝🌝🌝

    
    
                           
                    
    1",1
39099,vaahaka.com,"ޔާ ދޯ&#8230;.

    
    
                           
                    
    1",1
39100,vaahaka.com,"ޔާ.. ދެން ބޯއި ފްރެންޑް ނުލައި އިނގޭ..😅😅🌝🌝🌝🌝

    
    
                           
                    
    1",0
39101,vaahaka.com,"އޯވް މަލާ ސިސް ދޯ ކިޔަން ޖެހޭނީ ދެން&#8230;.

    
    
                           
                    
    1",1
39102,vaahaka.com,"މަށަށް އިނގޭތަ..؟؟ ޒެލްއާ ހެދި ދީވާނަ ވެފަ ހުރި މީހަކަށް ހުރިހާ އެއްޗެއްވެސް އިނގޭނެ..😂😂😂😂🌝🌝 އޯ.. 19 ދޯ..🌝🌝

    
    
                           
                    
    2",1
39103,vaahaka.com,"މީ ޓޫ&#8230;.. އެކަމް ޔޫގެ ބޯއީ ފްރެންޑެއް ހުރެއެއްނު&#8230; ހެހެހެ

    
    
                           
                    
    1",1
39104,vaahaka.com,"ތިމީހުންނަށް އެނގޭތަ ޒެލް އުޅެނީ ކޮން ގެއެެއްގާކަން&#8230;
އެން މަލާއަށް 19ޔ

    
    
                           
                    
    1",1
39105,vaahaka.com,"ޔާ ދޯ.. ހެހެ&#8230;. އޭގަ މިހާރު ހާހަށް އަރައިފި&#8230;",1
39106,vaahaka.com,"އޯވް.. ގޫޑް ތިހެންވީރު.. އަސްލު މަ އެހާ ލައިކެއް ނުވޭ ފިރިހެން ކުދިންނާ ވާހަކަ ދައްކާކަށް.. އެހެންވެ އަހާލި..🌝🌝

    
    
                           
                    
    1",0
39107,vaahaka.com,ހެެހެ.. މި ކޮމެންޓްތަށް ވެސް ތި އުޅެނީ ބްލެކް ހޫޑީ ވާހަކައިގެ ކޮމެންޓްތަށްހެން ދިގު ކުރަންތަ.. 💝💝💋💋😘,1
39108,vaahaka.com,"މީ ގާލްއެއް

    
    
                           
                    
    1",1
39109,vaahaka.com,ސޯ އަފާ ސިސް,1
39110,vaahaka.com,"ވަޓް؟؟ އަދި ގެޓެއް ނުވި&#8230;😕😕😕",1
39111,vaahaka.com,"ޔާ.. މަ މީ ގާލްއެކޭ.. ދެން ތީނަޔޯ؟؟🌝🌝🌝

    
    
                           
                    
    1",1
39112,vaahaka.com,"ހިތައް އުނދަގޫ ވަންޏާ ނުބަލާ ހުރެވިދާނެންނު&#8230;&#8230;.

    
    
                           
                    
    1",0
39113,vaahaka.com,"އެހެންވީމަ އަޅުގަނޑު ގެ ދައްތައެއް ދޯ ވަނީ😁

    
    
                           
                    
        

    
                        
                    
    1",1
39114,vaahaka.com,އޯވް.. އެންޑް ވަރަށް ރީތި ވާހަކައެއް ގެނެސްދެއްޗޭ ބާރތްޑޭގަ.. 💝💝💋💋😘,1
39116,vaahaka.com,"އޯވް.. ކޮބާ؟؟ މާ ބޮޑަށްވެސް ޕިންކިއަށްވުރެ ބޮޑު.. އަދި ޕިންކި ހީކުރީ ޓީންއޭޖާރ އެއްކަމަށް.. މައި ބޭޑް😅😅💝💝💋💋

    
    
                           
                    
    1",1
39117,vaahaka.com,"ތިވެސް ގާލްއެއް ދޯ&#8230;

    
    
                           
                    
    1",1
39118,vaahaka.com,"ޜީތި

    
    
                           
                    
    1",1
39119,vaahaka.com,"ޔެސް! ހުކުރު ދުވަހުން ގެނެސްދޭނަން♥️☺️✨✨

    
    
                           
                    
    1",1
39120,vaahaka.com,"އޭ އަދި ޒެލްއަށް ކިތަށް އަހަރުތަ؟؟😜😜😜

    
    
                           
                    
    1",1
39121,vaahaka.com,"އަޅުގަނޑަކަށް މައްސަލައެއް ނޫން ޕާސަނަލް އިންފޯ ޝެއަރ ކުރާކަށް☺️☺️
އަޅުގަނޑަށް 20 އަހަރު. 21 އަހަރުވާނެ އޯގަސްޓް 22ގައި🤗🤗🤗

    
    
                           
                    
    4",1
39122,vaahaka.com,"ޔާ.. މަށަށް ވެސް&#8230; އަސްލު މަ ހުރޭ ބޯއި ފްރެންޑެއް.. ދެން ކީއްކުރަން އެހެންމީހުން ހޮޓްތޯ ބަލަނި🌝🌝🌝🌝

    
    
                           
                    
    4",1
39131,vaahaka.com,"ނޯ.. ނުނިދަބާ 😭😭😭&#8230; އޭ ޑެއިސީ.. ނުދޭބަ🥺🥺🥺🥺🥺🥺",2
39211,vaahaka.com,"ކޮމެންޓް ރިޕޯޓް ކުރަން😝😝😆😆😂💝💝💋💋

    
    
                           
                    
    3",2
39221,vaahaka.com,މީ ކޮންކަހަލަ ސިޓީއެއް ބާ؟؟ ހެހެ,2
39231,vaahaka.com,ކޮން އިރަކުންތ އަނެއް އެޕިސޯޑު އަޕް ކުރަނީ؟ ވާހަކަ ވވވވވވވވވވވވވ ލޯބި,1
39235,vaahaka.com,"މައީ&#8230;. މާދަމާ ނެެކްސްޓް ޕާޓް އަޕް ކޮށްދޭނަށް ދޯ&#8230; ވަަރަށް ކިޔާހިތުން މިހުރީ&#8230;

    
    
                           
                    
    1",1
39251,vaahaka.com,"ތިމާގެ އަސްލު ފޮރުވައިގެން އެހެން މީހުންގެ އަބުރާއި ބެހުނީމަށް ވުރެ ރަނގަޅުވާނެ ސްކޫލުން ދޭ ފިލާވަޅު ދަސްކުރިޔަސް.

    
    
                           
                    
    7    

    
                        
                    
    1",2
39296,vaahaka.com,"🙂🙂🙂😘😘😘💋❤️

    
    
                           
                    
    1",1
39317,vaahaka.com,"މިނަން އައިޑީކާޑުގަ ލިޔެފަ އަންނަނީ
ސޮރީ",2
39333,vaahaka.com,"ތޭންްކްސް މެލް😊
ކީޕް ވެއިޓިންގ🤩

    
    
                           
                    
    1",1
39348,vaahaka.com,ކޮބާ ދެން އިން ބައި :،:,2
39355,vaahaka.com,"އަސްލު ވަރަށް ރީތި ވާހަކައެއް
ހަމަ ހީވަނީ އެތާ ހުރެވޭ ހެން..

    
    
                           
                    
    1",1
39367,vaahaka.com,ވ. ވ. ވ ރީތި ❤️,1
39383,vaahaka.com,ޔެސް,2
39387,vaahaka.com,"ވަރަށް ރީތި މި ބައިވެސް&#8230; ނެކްސްޓު ޕާޓް ތަންކޮޅެއް ދިގުކޮށްލައްޗޭ&#8230; ދެން އަޔާންއާ އީޝަލް އާ ކަންނޭނގެ ގުޅޭނީ&#8230;

    
    
                           
                    
    1",1
39389,vaahaka.com,އުން މީނި ގޫގްލް އިން އިންފޮމޭޝަން ކޮޅެއް ހޯދަން.. ޑެއިސީ ކީއްތިކުރަނީ؟؟😁😁😁😁,2
39393,vaahaka.com,"ވަރަށް ބޮޑަށް ޝުކުރިއްޔާ ލާމު ކުއްޖާ😊 އިންޝާﷲ މާދަމާ ފުރަތަމަ ބައި ގެެނެސްދޭނަން❤

    
    
                           
                    
    1",1
39411,vaahaka.com,ޖޫ މެން ކިހާއިރަކު ދޯ ސްކޫ ނިމެނީ؟؟,2
39415,vaahaka.com,އެއްބަސް. ވާހަކަ ދައްކައިގެން މައްސަލަ ހައްލު ކުރުމުގެ ފުރުޞަތުވެސް އެބަ އޮތް!,1
39421,vaahaka.com,"އެންމެން ސްކުލް ގަ ދޯ&#8230; މަ ވެސް ސްކުލް ގަ&#8230;",2
39452,vaahaka.com,"ކާސިމް އާއި ހެދި އުނދަގޫވި އައިސާ ސައްތާރު އާއި އެކީ އުޅެން ވަގުތުވޭ&#8230;. މި ވީ ކިހިނެއް&#8230;. ކާސިމް ފަރާތުން ހިންހަމަޖެހުން ލިބޭއިރު ސައްތާރު ކައިރިޔަށް ދިޔައީމަ ޔޯ&#8230;؟؟؟

    
    
                           
                    
    3",2
39526,vaahaka.com,"މި ވާހަކައިގައި ހިޔެއް ނުވޭ 25 ވަރަކަށް ޕާޓްސްވެސް ހުންނާނެ ހެންނެއް.. 🥰 ޔޫން މިހާރު ލިޔެ ނިންމާފައި ހުރި 7 ވާހަކައިގެ ތެރެއިން މީ އެންމެ ކުރު ވާހަކަ 💖😘 ތެންކިއު ކަމަނަ 💖🥰😘 އިންޝާ ﷲ މާދަން ނޫނީ މާދަން ނޫން އަނެއް ދުވަހުން އެއްވަނަ ޕާރޓް ކިޔާލަން ލިބޭނެ 💖😘

    
    
                           
                    
    1",2
39596,vaahaka.com,"ތޭންކްސް ނައު💜.. 💖 ވަރަށް އުފާވެއްޖެ މި ވާހަކައަށްވެސް ނައުގެ ސަޕޯޓް ލިބޭނެކަން އެނގުނީމަ 😘🥰 ލަހުން ވިޔަސް ޔޫން ވަރަށް އުފާވެއްޖެ ނައުގެ ކޮމެންޓެއް ފެނުނީމައި 💖 ސޯ ސްވީޓް 💖 ތޭންކްސް އެގެއިން ނައު💜 🥰🥰

    
    
                           
                    
    3",1
39622,vaahaka.com,"މިހާ

    
    
                           
                    
    1    

    
                        
                    
    1",2
39670,vaahaka.com,"ތޭންކްސް އަ ލޮޓް އިޒަބެލް 💖🥰 ވަރަށް އުފާވޭ އިޒަބެލްގެ ސަޕޯޓް ލިބޭތީ 💖

    
    
                           
                    
    1",1
39686,vaahaka.com,"ޑޯންޓް ގިވްއަފް
ޓްރައި ޔުރް ބެސްޓް ޔޫހާ 👍🏻👍🏻👍🏻☺️😊

    
    
                           
                    
        

    
                        
                    
    1",1
39706,vaahaka.com,"ނޫން
އެހެން ކުއްޖެއް

    
    
                           
                    
    2",2
39719,vaahaka.com,"އާން ކޮބާތަ އެ ޝަހުލާ ފަހުން ހަބަރެއްވެސް ނުވޭ މާ ގަޓު މީހަކަށް ވެގެން އުޅެފަ&#8230;&#8230; ބޮލަށް ވެސް ފަސޭހަ މިހާރު🤣🤣🤣🤣

    
    
                           
                    
    3",2
39736,vaahaka.com,"ވަރަށް ރީތި ވާހަކައެއް&#8230;..އަނެއް ބައި ކޮން ދުވަހަކުން ގެނެސްދޭނީ

    
    
                           
                    
    3",1
39759,vaahaka.com,"ވަރަށް ފުރިހަމަ. ލަވްފިކްޝަން އަކީ މަގޭއައް އެންމެ ރީތި ވާހަކަތައް. ދެން އޮތް ބައި ކޮން ދުވަހަކުން ނެރެނީ ޔޫންނީ ؟

    
    
                           
                    
    4",1
39837,vaahaka.com,"ބ.އޭޭދަފުށި

    
    
                           
                    
    1",2
39840,vaahaka.com,ޔޫ އާރ މައި ފްރެންޑް,1
39866,vaahaka.com,ޖޫ އޮފް ވީތަ ހާދަ ފޫހި އޭ މިރޭ,2
39876,vaahaka.com,"ވާހަކަ އެއް ބުނެލަން

    
    
                           
                    
    2",2
39891,vaahaka.com,"ޔާ. ރީތި ސްޓޯރީ އެއް ހެން ހީވަނީ..😘😘
ކީޕްއިޓް އަޕް..😍

    
    
                           
                    
    4",1
39893,vaahaka.com,"ވަޓް ޔޫހީ&#8230; އޭމް ފްރޮމް ބ އެޓޯލް  ޓޫ.. ސޯ ޗިއަރސް",2
39901,vaahaka.com,"މި ބައި ދިގު އެހެން ބައިތަކަށް ވުރެން&#8230;ޝުކުރިއްޔާ ޒެލް&#8230;.☺️☺️
ވާހަކަ މިހާރު ވަރަށް ރީތި&#8230;. އަވަހަށް އަޕް ކޮށްދޭތި އަނެއް ބައި 👌👌

    
    
                           
                    
    9    

    
                        
                    
    1",1
39912,vaahaka.com,"ވަރަށް ދެރަވޭ މާދަމާ އަޕް ނުކުރާތީވެ&#8230; އެކަމް މާދަމާވެސް މި ސައިޓަށް ވަދެެވޭނެ ކަންނޭނގެ މި ވާހަކަ އަޕް ކޮށްފައިންތޯ ބަލަން&#8230;. ހެހެހެ&#8230; އިންތިޒާރު ކުރާނަށް މި ވާހަކައަށް&#8230;.

    
    
                           
                    
    3",1
39918,vaahaka.com,ގިނައޭނުން؟” މިއީތަ ރަނގަޅު ގޮތަކީ؟,2
39933,vaahaka.com,"ވަރަށް ރީތި.. މާޝާ ﷲ 🥀✨

    
    
                           
                    
    5",1
39972,vaahaka.com,"ވަރަށް ރީތި މާޝާ ﷲ ހީވަނީ ހަމަ ވާހަކައިގެ ތެރޭގަ އުޅެވޭހެން ކީޕް އިޓް އަޕް އަފާ އައި ލަވް ޔުއާ ސްޓޯރީސް&#8230;&#8230;🙂

    
    
                           
                    
    5    

    
                        
                    
    2",1
39973,vaahaka.com,"ނަން މާ ބޮޑަށް ގުޅުވީމަ އެހާ ކަމަކު ނުދޭ
މަގޭ ހިޔާލު

    
    
                           
                    
    1    

    
                        
                    
    1",0
40005,vaahaka.com,"ފަރާ

    
    
                           
                    
    2    

    
                        
                    
    1",2
40010,vaahaka.com,"ޝުކުރިއްޔާ ސާރާ♥️🌹✨✨

    
    
                           
                    
    2    

    
                        
                    
    1",1
40014,vaahaka.com,"ޝުކުރިއްޔާ ރައު♥️🌹✨✨

    
    
                           
                    
    1",1
40026,vaahaka.com,"ހޭއި ކުޑޭ 👋🏻&#8230; ފޯން އަކަށް ސްނެޕް އެއް ނޭޅުން&#8230; ސޮރީ&#8230; އަދި މިއަދު ވެސް ޓްރައި ކޮއްލާނަން&#8230; 😁😁",1
40114,vaahaka.com,"ޝުކުރިއްޔާ ނަދުވާ ❤
ބުރާސްފަތި ދުވަހު އިންޝާ ﷲ 45 ވަނަ ބައި ގެނެސް ދޭނަން. ☺

    
    
                           
                    
    6",1
40121,vaahaka.com,"ވަރަށް ރީތި ވާހަކައެއް. ހަމަ ހަޤީޤީ ވާހަކައެއް ދޯ ♥️

    
    
                           
                    
    3",1
40159,vaahaka.com,"އޫހް.. ސަޅި ނަމެއް..😯😘💋💋💝💝💝💋💋💋💝💝💝

    
    
                           
                    
    2    

    
                        
                    
    2",1
40195,vaahaka.com,ކީކޭ ބުނާނީ ވަރަށް ރީތި.,1
40213,vaahaka.com,ތޭންކްސް ޔޫން. ޔޫންގެ އެކުއްޖާ ސ2 އަށްވެސް އަލާން އިންތިޒާރު ކުރަން⁦❤️⁩🌹⁦😊,1
40235,vaahaka.com,"ގެޓް ވެލް ސޫން އަފާ ދައްތާ&#8230; އަފާ ދައްތައަށް ފަސޭހަގޮތަކަށް ވާހަކަ އަޕް ކުރީމަ ރަނގަޅުވާނެ&#8230;. އިންތިޒާރު ކުރާނަށް&#8230;.

    
    
                           
                    
    5",1
40237,vaahaka.com,"ފަވާޝަތު ކިޔާބަ ޕްލީޒް

    
    
                           
                    
    8    

    
                        
                    
    7",2
40257,vaahaka.com,"އިން ޝާ ﷲ 45 ވަނަ ބައި ބުރާސްފަތި ދުވަހު ގެެނެސްދެވޭނެ❤️

    
    
                           
                    
    19",2
40298,vaahaka.com,"ދާނިޔާ

    
    
                           
                    
    4    

    
                        
                    
    8",2
40315,vaahaka.com,"އަޕް ވޭތޯމީނީ ހަމަ 🙂🙂

    
    
                           
                    
    2",2
40323,vaahaka.com,"އޭ.. ސޮރީ ރޯންގް ސްޓޯރީއަކަށް އެ ކޮމެންޓް ކުރެވުނީ&#8230;.😢😢😢😢😞😞😞",2
40338,vaahaka.com,ނާޝިދު އާއި މިހާދުއައް ދޫ ލަންޑެއް ނުދޭތި,2
40367,vaahaka.com,"ވަރަށް ދެރަވޭ މި ބޭޑް ކޮމެންޓްތައް ކިޔާފަ އެކަމަކުވެސް އަފާ ދެރަ ނުވާތި އައި ވިލް އޯލް ވޭސް ސަޕޯރޓް ޔޫ &#8230;&#8230; ☺

    
    
                           
                    
    2",1
40415,vaahaka.com,"ލަޔާ ދައްތާ މިވާހަކ ކޮންމެ ދުވަހކު އަޕް ކޮްްދީބަ.ހާދަ ކިޔާހިތްވޭ އެބަ..އަބަދު ވިސްނެނީ ވާހަކަ އާ ދޭތެރޭ&#8230;ސޮކޫލް ގަވެސް",2
40469,vaahaka.com,"އަޅުގަނޑު މި ބަލަނީ ވީހާވެސް އަވަސް މުއްދަތެއްގެ ތެރޭގައި ހަށި ސ1 ފެށިގެން ކިޔުންތެރިންނާއި ހަމައަށް ގެނެސްދެވޭތޯ. އަވަސް ފުރުސަތެއްގައި އެކަަން ކުރާނަން. އިންޝާﷲ

    
    
                           
                    
    3",2
40471,vaahaka.com,"އަޑު އެހި ފަހަރު އުޅުނީ ދަރި މަރާލަންް ވިއްޔާ. އެހެންވީމާ ބިރު ގަންނާނެއްނު

    
    
                           
                    
    6    

    
                        
                    
    1",2
40479,vaahaka.com,"ޝުކުރިއްޔާ ޕިންކި💜💐✨✨

    
    
                           
                    
    7    

    
                        
                    
    1",1
40490,vaahaka.com,"މުސްކުޅި ވިސްނުމެއް ހުރި މީހެއް އަފާ މީ 🙄

    
    
                           
                    
    3    

    
                        
                    
    13",2
40550,vaahaka.com,"ހަގީގަތް އެނގޭ މީހާ ހަނު
މިވާހަކަ ދެމިގެން އައީ ކިހިނެއް
މިވާހަކަ އެނގުނީ ކިހިނެއް",2
40558,vaahaka.com,"ޝުކުރިއްޔާ 💙ޝާއިނީ💙✨✨

    
    
                           
                    
    5",1
40561,vaahaka.com,"😂😂😂😂😂😂😂😂😂😂😂😂😂😂😂😂😂😂😂😂😂😂😂😂😂😂😂😂😂😂
ޒެމް ހީހީ ހަލާކުވެއްޖެ. ހުވާ ދެލޮލުން ފެން އައިއްސި. ޒީޝާން ސިސް މިކަހަލަ ވާހަކަ ލިޔަން ހަމަ މޮޅިއްޔޭ
ސިސްގެ މިކަހަލަ މަޖާ ވާހަކަތައް އަބަދުވެސް ކިޔަން ލިބޭނެކަމަށް ޒެމް އުންމީދު ކުރަން 
😂😂😂😂😂😂😂😂😂😂😂😂😂😂😂😂😂😂😂😂😂😂😂😂😂😂😂😂😂😂

    
    
                           
                    
    17",1
40562,vaahaka.com,"ވ ސަޅި އަފާސިސް 💖💖💖💖

    
    
                           
                    
    4    

    
                        
                    
    1",1
40564,vaahaka.com,"ރީޑިންގް ދީސް ކޮމެންޓްސް އިޒް އަ ވެރީ އެންޓަޓެއިނިންގް ތިންގް ޓުޑޫ😂🤣✌🏻
އެސްޕެށަލީ ވެން ވީ ވެއިޓް ފޮ އިޓް ޓު އަޕްލޯޑް😂
އައި ލަވް ޔޫ އޯލް❤️

    
    
                           
                    
    2",1
40569,vaahaka.com,"ޝުކުރިއްޔާ ފާތުން🤍🌼✨✨

    
    
                           
                    
    2    

    
                        
                    
    1",1
40572,vaahaka.com,"ނައިސް 💖

    
    
                           
                    
    2",1
40587,vaahaka.com,"ޔޭ މީ ފަސްޓް&#8230;. ވަރަށް ރީތި މި ޕާޓު ވެސް&#8230;

    
    
                           
                    
    2",1
40649,vaahaka.com,"ދެން ކޮންއިރަކުންތަ 10 ވަނަބައި 🙂

    
    
                           
                    
    1",2
40659,vaahaka.com,ކިހިނެތް މި ވާހަކަ ކީ؟,2
40673,vaahaka.com,"ޝުކުރިއްޔާ ޑެޑްހަންޓް.ތިބާއަށް ހެޔޮ ރަޙުމަތްްލައްވާށި!

    
    
                           
                    
    1",1
40679,vaahaka.com,"ވވ ރީތި♥️❤️❤️

    
    
                           
                    
    2",1
40688,vaahaka.com,"އަނެށް ބައި ކޮންއރަކު

    
    
                           
                    
    1",2
40696,vaahaka.com,"އޯވްވް ތޭންކްސް.. 42 ޕާޓްސް.. 🙂

    
    
                           
                    
    2",1
40701,vaahaka.com,އަހް ހާދަލަހޭ އަޕްކުރާލެއް އާޔޫ ބިސްޕުޑިން,2
40730,vaahaka.com,"ޝުކުރީއްޔާ! ☺️🥰

    
    
                           
                    
    1",1
40732,vaahaka.com,ޝުކުރީއްޔާ އަމާނީ😚🥰,1
40742,vaahaka.com,"ވރީތި 💚

    
    
                           
                    
    4",1
40767,vaahaka.com,ޝުކުރިއްޔާ,1
40779,vaahaka.com,"ޝުކުރިއްޔާ ޕިންކި💝🌺✨✨
ސަބްމިޓްކޮށްފަވާނީ☺️☺️✨✨

    
    
                           
                    
    4    

    
                        
                    
    2",1
40819,vaahaka.com,"އަޅުގަނޑު ވެސް މިއީ އަލަށް އަޑު އެހި ވާހަކަ އެއް&#8230;..
އަޅުގަނޑު އަށް އިނގޭ ގޮތުގައި ނ.ލަންދޫ ގައި ހަތްކަ ކިޔާ ތަނެށްއޮންނަ.ކަން އެނގޭ
ނ.ލަންދޫ ހަތްކަ އާ މިހާދިސާ އާ ގުޅުމެށްވޭތަ ސާންބެ

    
    
                           
                    
    3",2
40825,vaahaka.com,"ޝުކުރިއްޔާ މައި ނޯވަން.ބިގެސްޓް ސަޕޯޓާ.އުންމީދުކުރަން އަބަދުވެސް ތިގޮތުގަ އާޔޫ އާ އެއްކޮށް ވާނެކަމަށް.

    
    
                           
                    
    1",1
40827,vaahaka.com,ޝުކުރިއްޔާ,1
40850,vaahaka.com,"ދެންއޮތް ބައި ދިގުވާނެ.. އިންޝާﷲ♥️

    
    
                           
                    
    2",1
40854,vaahaka.com,"ޝުކުރީއްޔާ ރީޑާރ♥️
ލައްބަ&#8230; ދެން އޮތްބައި މިއަށް ވުރެ ދިގުކޮށްލާނަށް.. އިންޝާﷲ🤗

    
    
                           
                    
    3",1
40861,vaahaka.com,"ޕިސްޕިސް، ތީ ދެން ބޮޑު ވަރު&#8230;. މީހުންގެ ސިފަޔަށް މަލާމާތްކޮށް ގެން  ތިމީހުންނަ
ކޮންފައިދާ އެށްތަވަނީ&#8230;&#8230; މީހުންގެ ޒާތީ ކަންކަމާ ނުބެހި ހުރެބަލަ&#8230;

    
    
                           
                    
    13    

    
                        
                    
    1",0
40882,vaahaka.com,"ވަރަށް ރީތި ވާހަކައެއް ❤️❤️

    
    
                           
                    
    3    

    
                        
                    
    1",1
40887,vaahaka.com,"♥️♥️♥️
✨✨✨

    
    
                           
                    
    2    

    
                        
                    
    1",1
40906,vaahaka.com,"ފައިސަލް ބާ؟

    
    
                           
                    
    9",2
40930,vaahaka.com,ކޮންލަވައެއްތަ އެންމެ ރީތި ބީޓީއެސް އިން؟؟ 😁🙃🙃,2
40932,vaahaka.com,"ތަންކޮޅެއް ދުރު ދުރުގަ ލިޔަން މަސައްކަތް ކުރާތި ދެން&#8230;&#8230;",2
40940,vaahaka.com,"ދެން ކޮންއިރަކުންތަ 7 ވަނަބައި ގެނެސް ދެނީ 😶😶

    
    
                           
                    
    1",2
40954,vaahaka.com,"ވަރަށް ވަރަށް ވަރަށް ވަރަށް ވަރަށް އިބުރަތްތެރި އަދި ވަރަށް ވަރަށް ވަރަށް ވަރަށް ވަރަށް ވަރަށް ވަރަށް ވަރަށް ރީތި

    
    
                           
                    
        

    
                        
                    
    1",1
40959,vaahaka.com,"ހީވަނީ އެހެން🙄✨✨
ޔެސް!! އެމީހަކު ކުރިކަމެއް ހަމަ އެމީހަކަށް!😏😅✨✨

    
    
                           
                    
    2",1
40969,vaahaka.com,"އަސްލު ކިހިނެއްތައް ހުރިހާ ކޮމެންޓްސް ތަކަށް ރިޕްލައި ކުރަނީ؟؟
ހާދަ ފާސްޓޭ😁
ނޮޓިފިކޭށަން ލިބެނީތޯ؟😂
އަފާ ވަރަށް ގަދަ އިނގޭ☺️

    
    
                           
                    
    2",1
40973,vaahaka.com,"ޝުކުރިއްޔާ ސަމްހާ💛🌻✨✨

    
    
                           
                    
    2",1
40978,vaahaka.com,".. ކޮންއިރަކުންތަ 12 ވަނަ ބައި ގެނެސް ދެނީ އަފާ&#8230;&#8230;.

    
    
                           
                    
    4",2
40979,vaahaka.com,"ސަޅި⁦❣️⁩

    
    
                           
                    
    1",1
40995,vaahaka.com,"ކޮބައިތަ ފެން ހުރި ބައިތައް؟؟؟

    
    
                           
                    
    2",2
41008,vaahaka.com,ރީތި💜💜💜,1
41021,vaahaka.com,"ވަރަށް ފުރިހަމަ 💖😍

    
    
                           
                    
    1",1
41024,vaahaka.com,"ބްލެކް ހުޑީ&#8230;. ކޮން އިރަކުންތަ ދެން އޮތް ބައި؟

    
    
                           
                    
    1",2
41026,vaahaka.com,"ޥަރަށް ސަޅި
މާޝާ ﷲ

    
    
                           
                    
    1",1
41039,vaahaka.com,"ފޮނި ބޮތްކެއް ހަމަ ހުވާ 😒

    
    
                           
                    
        

    
                        
                    
    7",2
41042,vaahaka.com,ކޮބާ؟,2
41092,vaahaka.com,"ހަމަ އަހަރުމެން ރަށުގައި ހަދާލި ގޮތް ތިއަކީ&#8230; އެ ފިރިހެން ކުޅި ގަނޑު ރަށުން ބޭރު ކޮށްފައި ރަށު ރައްޔިތުން ހަމަނޭވާލީ ވެސް&#8230; އެއީ ފިސާރި މަޖާކަމެއް😂🤣

    
    
                           
                    
    3",2
41151,vaahaka.com,"🤣🤣😂😂 މަ ކާލާ&#8230;&#8230;

    
    
                           
                    
    8    

    
                        
                    
    1",2
41156,vaahaka.com,"ماشاءالله ވަރަށް ރީތި ސިފަކޮށްދިނުން.
ވާހަކަ ތެރޭ އުޅެލެވޭހެން ހީވަނީ.ކާންޓް ވެއިޓް ފޯރ ދަ ނެކްސްޓް ޕާރޓް.ލޯޑްސް އޮފް ލަވް އަފާ މައި ޖާން",1
41179,vaahaka.com,"ލައްބަ އަފާ! 😊😊

    
    
                           
                    
    1",1
41193,vaahaka.com,އޭ މިގަޑީ އޮންގަ ކޮންބައެއް..؟؟ ހަމައެކަކު އޮންގަ ނެތިއްޔާ ރައި މި ދަނީ..😞😞😥😟,2
41194,vaahaka.com,މާޝާއައްލާހް ވާހަކަ ވަރައްރީތި ❤️❤️😍,1
41214,vaahaka.com,ޔާ,2
41218,vaahaka.com,ކޮބާ ކުޑޭ؟؟؟,2
41248,vaahaka.com,"ހޫމް&#8230; އޯކޭ&#8230; ކޮށްބަލަ ކުޑޭ ބޭނުން ސުވާލެއް🙂",2
41260,vaahaka.com,ކޮބާ ކުޑޭ؟؟ މިހާރު 1 ޖަހާފި 😂,2
41280,vaahaka.com,"ވަރަށް ރީތި&#8230; ❤️އެންޑް އައި ނޯ ދެޓް ޔޫ ކެން ޑޫ އިޓް އަސުރުމާ&#8230; 😌ގުޑްލަކް😘

    
    
                           
                    
    1",1
41306,vaahaka.com,10 ވަނަ ބައި އަވަސް ކޮށްލަބާ,2
41317,vaahaka.com,ވާހަކަ ނިމެންދެން ވިދާޅުވެލައްވާ! 🤗♥️,1
41332,vaahaka.com,"އޯ ވާވް😍😍&#8230; ޝަމް ދެން އަވަހަށް އާންސާ ކޮށްބަލަ😉😉ސޭ ޔެސް އެނގޭ&#8230; އެހެން ނޫނީ ބްލެކް ހޫޑީ ދެރަވާނެ😎😉😂",1
41343,vaahaka.com,"ސޮރީ އެވްރިވަން&#8230;😥😥",2
41405,vaahaka.com,"އަސްލަމް އެފްބީ ގެންގުޅުއްވާ ތޯ؟؟؟އެނީވަން ހޫ ނިޔު ހިސް އައިޑީ ޕުލީސް ޝެއަރ މީ 🤭
ލަވް ތިސް ސުޓޯރީ. 😘

    
    
                           
                    
    6",2
41411,vaahaka.com,ޙައު މެނީ ޕާރޓްސް؟,2
41423,vaahaka.com,"9 ގަ ކަންނޭނގެ&#8230; އެއީ އައި ބުނީ 9 ގަ އޮން ވެވޭ މީހުން އޮން ވައްޗޭ&#8230; ދެޓްސް ވައި&#8230; ބަޓް އައި އޭމް ނޮޓް ޝުއާ އިނގޭ&#8230; ދެން މި ގަޑީގައި އޮފް ވީ އިނގޭ&#8230; ބާއި ފޯ ނައު&#8230; ޓޭކް ކެއާ އެވްރީ ވަން&#8230; ބާއި ގާއިސް&#8230; 9 ގަ އޮން ވާނަން 😉😁😁",2
41467,vaahaka.com,ޝުކުރިއްޔާ 😊⁦❤️⁩⁦❤️⁩,1
41469,vaahaka.com,"ހާދަ މޮޅޭ އަފާ ސިސް. ކިތައް އަހަރުން މައްޗައް ވާހަކަ ލިޔެވެނީ

    
    
                           
                    
    3",2
41506,vaahaka.com,"އިންޝާ ﷲ އާދިއްތަ ދުވަހު 44 ވަނަ ބައި ގެނެސްދެވޭނެ ♥️

    
    
                           
                    
    35",1
41533,vaahaka.com,،ހެހެހެހެ,2
41565,vaahaka.com,"އެއީ އަހަރެން ފޮނުވި މެސެޖެއް އިނގޭ&#8230; އޮޅިގެން ނަން ނުޖެހޭ&#8230; ސޮރީ 😁",2
41629,vaahaka.com,"އޯކީީ&#8230;😉😉😉",2
41638,vaahaka.com,ލޮލް🤣🤣🤣🤣🤣🤣,2
41658,vaahaka.com,ކަމަނާ؟؟؟ އޯކީ.. ކަމަނަ ދިޔަައިއްޔާ އުން ވެސް ދިޔައީ.. ބާއި😩😩😩😞😞😞,2
41674,vaahaka.com,😁😉😉😉😉😉,1
41676,vaahaka.com,އަމިއްލަ ނެމް ވެސް ނޭނގެ..😂😂😂😂😂🤣😂,2
41698,vaahaka.com,"ހޭ&#8230; ކޮން ނަބާ އެއް😉😉😉😉😉",2
41718,vaahaka.com,"ބަޓް މި ވާހަކަ ވަރަށް ރީތި.. ކޮންއިރަކުން އަނެއް ޕާޓު..😘😘😘😽😽🙆🙆

    
    
                           
                    
    4",2
41836,vaahaka.com,"ހިތާދޫ ތަ ކިޔަނީ އެރަށަށް&#8230; ދެން ހިތަދޫ ކިޔާރަށެއް އޮވޭތަ؟؟؟",2
41849,vaahaka.com,އާނ ކީޕް ވެއިޓިންގް ފޯރ ދަ ނެކްސްޓް އެޕިސޯޑް އިނގޭ. ވަރަށް ބޮޑަށް ޝުކުރިއްޔާ އިނގޭ.,1
41850,vaahaka.com,"އޭ ޒިއައްޕޭ !! ދުވަސްކޮޅެއް ވެއްޖެތާ ވާހަކަ ނުދެއްކޭތާ.. ޒިއައްޕެގެ ވާހަކަ މިސައިޓުން ފެނުނީމަ ވަރަށް އުފާވެއްޖެ. ވަރަށް ރީތި އިނގޭ 🙂

    
    
                           
                    
    6    

    
                        
                    
    2",1
41865,vaahaka.com,"އަހަރެން ހުންނާނީ މި ވާހަކައަށް އެހެން ބައިބައި އިތުރުކޮށްފައި. މިފަހަރު ބަލާނަން ނިންމޭތޯ. ކޮއްކޮގެ ވާހަކައަށް އިތުރުބައިތައް ލާފައި ހުންނާނީ. އެހެންވެ މަށާއި ކޮއްކޮގެ ނޫނީ ހަމައެކަނި ކޮއްކޮގެ ވާހަކައެކޭ ބުންޏަސް ހެޔޮ. ކޮންމެ ގޮތެއްވެސް ރަނގަޅުވާނެ ޝުކުރިއްޔާ ހެހެ..

    
    
                           
                    
    1",2
41889,vaahaka.com,އެންމެން އޮފް ވީ ތަ؟ 😞,2
41895,vaahaka.com,ޝުކުރީއްޔާ🤗♥️,1
41904,vaahaka.com,"ނީޝްގެ މަތިން ވަރައްބޮޑަށް ހަނދާންވާނެ.
އަޅުގަނޑުގެ ހެޔޮދުޢާ ސަލާމް&#8230;
މިފަހަރު ވާހަކަ ނިމެންދެން ކިޔަން ގެންނާނެކަމަށް އުއްމީދުކުރަން..
ނައިޝަމަށް ޝުކުރިއްޔާ ނައިޝަމުތީ ހުރިހާ އެންމެންވެސް ބޭނުންވާނެ ފަދަ ބޭބެއެއް
ތެންކްޔޫ ނީޝް އަދި ނައިޝަމުއަށް 💙

    
    
                           
                    
    1",1
41907,vaahaka.com,އެންޑް ދަ ޓައިމް އިޒް 1 އޯ ކްލޮކް 😊,2
41983,vaahaka.com,"ދެންއިންބައިގެ އިންތިޒާރުގާ&#8230;
ވަރަށް ރީތި

    
    
                           
                    
    9    

    
                        
                    
    2",1
41993,vaahaka.com,"ޝުކުރިއްޔާ ތިޔަ ދެއްވި ކޮމެންޓަށް.💕

    
    
                           
                    
    2",1
42047,vaahaka.com,"ދެން ތީ ބޮޑު މީދާ..🤣🤣🤣😂😂

    
    
                           
                    
    1",2
42056,vaahaka.com,ޝުކުރިއްޔާ💓🌺,1
42083,vaahaka.com,"އަހަރެން ދެން ދަނީ އިނގޭ ނިދަން&#8230; އަދި ބީޓީއެސް އެއްޗެއް ބަލާފަ ނިދޭނީ ވެސް&#8230; ބާއި ފޯ ނައު އެވްރީ ވަން&#8230; ޓޭކް ކެއާ އެވްރީ ވަން&#8230; މާދަމާ ހެނދުނު އޮން ވާނަން&#8230; ހުރިހާ ކުދިން ވެސް އޮން ވައްޗޭ ހެނދުނު&#8230; ބާއި&#8230; ހާއްސަކޮށް އުން އާ ކަމަނަ އާ އެހެން ކުދިންނާ އޮން ވައްޗޭ&#8230; ބާއި 💋💋❤️❤️❤️👋🏻👋🏻👋🏻👋🏻

    
    
                           
                    
    1",1
42116,vaahaka.com,ހެހެ.. ދެން ޔޫ ހަދަންވީނު😅😁😁,2
42179,vaahaka.com,"ހެއި ޝަމްހާ&#8230;.👋👋👋😊😊",2
42185,vaahaka.com,އޭ އުން ހިނގާބަ މަޖާ ކަމެއް ކުރަން 🙃,2
42190,vaahaka.com,ނޯ.. އުން ވެސް ނުދަން 😁😁😁😁,2
42191,vaahaka.com,"ނުދަމޭ އަހަރެން&#8230; އުން ދިޔައީ ތަ؟؟ 😳",2
42225,vaahaka.com,"ޥަރަށް ރީތި 🎏

    
    
                           
                    
    4",1
42274,vaahaka.com,"ވާހަކަ ވަރަށް ރީތި&#8230; މަށަށް ކިއުން ވާހަކަތަކު ތެރޭން އެންމެ ރީތި އެއް ވާހަކަ&#8230; ❤️❤️❤️❤️❤️",1
42308,vaahaka.com,"އަފާ 💖💖 ވވވވވވ ރީތި މި ބައި ❤️ އިއްޒެގެ ހިތްވަރަށް ހަމަ ސާބަސް ❤️ ގަސީމަދޮންތަ ވެސް ހާދަ ޑްރަމެޓިކް ކޮށް އުޅޭ އަންހެނެކޭ ދޯ ❤️ ވވވވވވވވ ކަމުދޭ މި ވާހަކަ ޝިފާން އަށް 💖 ލަވް ޔޫ އަފާ 💖 ގުޑްލަކް 💖 އިންތިޒާރުގައި 💖 ވާހަކައައް ހަމަ 💯

    
    
                           
                    
    3",1
42377,vaahaka.com,"ވަރަށް ފުރިހަމަ ވާހަކަ އެއް. 💟💟 ޔޫ އާ ދަ ބެސްޓް ބްލެކް ހޫޑީ ❤️😘

    
    
                           
                    
    5",1
42428,vaahaka.com,ޝުކުރިއްޔާ ސަމްހާ,1
42445,vaahaka.com,"ހޭ! މައި ސިސްޓަރ އިޒް ކުޑޫ!

    
    
                           
                    
        

    
                        
                    
    1",2
42451,vaahaka.com,ކޮބާ އައިޑީ؟,2
42488,vaahaka.com,ޝުކުރިއްޔާ!,1
42495,vaahaka.com,ޝުކުރިއްޔާ!,1
42502,vaahaka.com,"އެ ގޯތި ފާރުމަތިން ބަނބުކެޔޮތައް ފުނިޖެހިގެން އަރާފަ ހުންނާނެދޯ.  ފާ ބަނބުކެޔޮ ސްވިމްޕޫލް.

    
    
                           
                    
    2",2
42505,vaahaka.com,"މި ވާހަކަ ކުރިންވެސް ކީން. އެކަމްވެސް ވާހަކަ ވަރަށް ރީތި. ހެހެ

    
    
                           
                    
    1",1
42536,vaahaka.com,"ޝުކުރިއްޔާ 😇

    
    
                           
                    
    1",1
42541,vaahaka.com,☺️💓,1
42582,vaahaka.com,"އިޓްސް 1200 އެނޮނިމަސް🙂

    
    
                           
                    
    1",2
42596,vaahaka.com,"އިށީންދުނީމެއްނޫން އިށީނީމެވެ. ވާހަކަ ވވވވވވވ ރީތި ހަމަ މާޝަﷲ❤️❤️

    
    
                           
                    
    3",1
42621,vaahaka.com,ޝުކުރިއްޔާ 💕 ސްކޫލުންނާއި ވަރަށް ގާތް އެކުވެރިޔެއްގެ ފަރާތުން ހެން ހީވަނީ 💕,1
42629,vaahaka.com,ޝުކުރިއްޔާ އީން 💕 ލައްބަ އީން މިއަދު ފަސްޓް 💕,1
42643,vaahaka.com,ޝުކުރިއްޔާ ޝިފާން🤍🌼,1
42654,vaahaka.com,"ޒީ ތިހަމަ ބެސްޓް 😍 ވާހަކައައް 💯 އަކުން 💯

    
    
                           
                    
    6    

    
                        
                    
    1",1
42659,vaahaka.com,"👍 ގުޑް ޓްރައި ❤️

    
    
                           
                    
    4",1
42773,vaahaka.com,"ބަލަ ކިއުންތެރިންނައް އަޅުގަޑުގެ ވާހަކަ ކަމުނުދާނަމަ ނުކިޔުއްވުން އެދެން. އަޅުގަޑު ލިޔާ ވާހަކަ ކިޔާ ކުދިން އެކަމާއިގެން ކުރިއަށް ދާނެ ދެއްތޯ. ގަބޫލުކުރަން އަޅުގަޑައް ރީތި ވާހަކަ ލިޔެވޭކަމައް އެހެންވެ ހިއްދެރަ ކޮއްލަން ޑިސްލައިކު ޖެހިއަސް އަޅުގަޑު ދެރައެއް ނުވާނަން ޝުކުރިއްޔާ

    
    
                           
                    
    4    

    
                        
                    
    8",2
42780,vaahaka.com,"ކުއްޖެއްގެ ކޮމެންޓާ ގުޅޭ******* ކިހިނެތްތައް ދެން ނާޒް ގެ ދަރިއަކަށް ޒައިނަބް ވާންވީ.. ( ޒައިނަބް އެ އުޅެނީ އޭނަ މަންމަ ގެ މަރާ ބެހޭ ގޮތުން އިންސާފް ނުލިބިގެން ވިއްޔާ).
ވވވވވ ހަބޭސް މި ބައި ވެސް.***",1
42784,vaahaka.com,"ބްލެކް ހޫޑީ އަޅޭ.. ޕްލީޒް އެހެން ނުހަދަބަ&#8230; ޕްލީޒް 🙏🙏 އަޅެ ބުނެބާ.. އުން ވަރަށް ބޮޑަށް ދެރަވެއްޖެ🥺🥺🥺🥺😢😢",2
42830,vaahaka.com,ހިތަށް އަރާ ދޯ ވާރޭ ވެހޭނެ ނަމައޭ😭😶,2
42831,vaahaka.com,ޝުކުރިއްޔާ,2
42846,vaahaka.com,"ހަމަ ވަރަށް ސަޅި! ހަމަ ހަބޭސް!😀😀ވަރަށް ކިޔާ ހިތްވާ!!؟

    
    
                           
                    
    1",1
42858,vaahaka.com,ޝުކުރިއްޔާ ފަރީ⁦⁦♥️⁩,1
42862,vaahaka.com,"ގައިޒް؟؟
އޯކޭ ގޫޑް ނައިޓް 😁😁😁😁⁦♥️⁩⁦♥️⁩",1
42882,vaahaka.com,"އެންޒައިޓީ އަކީ ކޮބާތަ؟ އަޅުގަނޑަކަށް ނޭނގެ&#8230;

    
    
                           
                    
    3",2
42887,vaahaka.com,"ވަރަށް އަވަހަށް އިންޝާﷲ

    
    
                           
                    
    2",1
42888,vaahaka.com,"މިބައިވެސް ވވވވވވވވވވވވ ރީތި އިނގޭ.ނެކްސްޓް ބައި އަވަަށް ގެނެސްދެއްޗޭ.ވަރަށް ކިޔާހިތުން މިހުރީ ކާނޓް ވެއިޓް💜💜

    
    
                           
                    
    1",1
42907,vaahaka.com,"ހޯމަ އެންޑް ބުދަ އޯކޭ ވާނެ.. ވާހަކަ ވަރަށް ރީތި

    
    
                           
                    
    10",1
42915,vaahaka.com,"ޙޭ&#8230;ހިނގާ ހޭންގްއައުޓް އިން ގްރޫޕެއް ހަދަން&#8230;.ޢެގްރީ މީހުން އިޝާރާތެއް ވެލުން އެދެން&#8230;ޙޭންގްއައުޓް ބޭނުން ކުރާ ކުދިންނަށް ޓޯކްކުރެވޭނެއްނު..މިކަމާ ބެހޭގޮތުން ބްލެކް ހޫޑީގެ ޙިޔާލު ފާޅުުކުރެއްވުން އެދެން

    
    
                           
                    
    1",2
42921,vaahaka.com,"މާޝާ ﷲ ވަރަށް ރީތި ⁦♥️⁩⁦♥️⁩💯

    
    
                           
                    
    2",1
42923,vaahaka.com,"💚💚💚💚💚💚😊😊😊😊😊

    
    
                           
                    
    1",1
42956,vaahaka.com,ހެލޯ؟؟😟😟,2
42960,vaahaka.com,"ހެއި ގައިޒް&#8230; ބްލެކް ހޫޑީ މިއަދު ބިޒީތަ؟؟ އުން ވަރަށް ދެރަވެއްޖެ ބްލެކް ހޫޑީ..😟😟😟😔
އެންޑް ކޮބާ އެންމެން ރަނގަޅުތަ؟؟😁😁😁😁😝😝",2
43002,vaahaka.com,ޝުކުރިއްޔާ ނޫނޫ🤎🍁,1
43014,vaahaka.com,"ވަރަށް ރީތި

    
    
                           
                    
    6",1
43017,vaahaka.com,ވާއު,1
43071,vaahaka.com,"ބިޒީ ބޯއީ&#8230; ލޮލް",2
43108,vaahaka.com,ވައިބަރ އިން މެސެޖް ކޮއްބަ!! މި އުޅެނީ ފޫހި ވާތީ..,2
43109,vaahaka.com,"ދެން އިން ބައި ތަންކޮޅެހް އަވަހަށް ނެރެދޭނެ ކަމަށް އުންމީދު ކުރަން

    
    
                           
                    
    1",1
43127,vaahaka.com,ސޮރީ.. އިނގެނީ ކިހިނެއް؟؟😅😅,2
43149,vaahaka.com,ކޮބާ ތަ ބްލެކް ހޫޑީ؟؟؟؟😕😔,2
43159,vaahaka.com,"ޝުކުރިއްޔާ 🙂 މިއަދު ނޫނި މާދަން ގެނެސްދޭނަން

    
    
                           
                    
    1",1
43161,vaahaka.com,"ހެހެހެ އެކަން ވެސް ވީކަމަށް ބަލަމާ ދޯ. 🙂 ޝުކުރިއްޔާ 🙂

    
    
                           
                    
    1",1
43164,vaahaka.com,"ޝުކުރިއްޔާ 🙂

    
    
                           
                    
    1",1
43204,vaahaka.com,"ކުޑޭ އެއް ނުފެނެ&#8230;😂😂😂😂",2
43216,vaahaka.com,ޔޫ ނުދަން ދޯ.. އުންއާ އަޝްއާ އައިިޝާއާ ދޯ މިއުޅެނީ,2
43217,vaahaka.com,"އައިޝާ ނަމްބރ ފޮނުވާ&#8230;.",2
43222,vaahaka.com,އަހަރެންނަށް ކައިރިތަ ތި އެހީ؟؟😅😅😕🤨,2
43239,vaahaka.com,ގައިޒް ޕްލީޒް ރުޅިނާއްނައްޗޭ 🙏🙏🙏😥😥,2
43288,vaahaka.com,ސޮރީ ލޭޓް ވީމަ..😥😥😅,2
43353,vaahaka.com,އޯކޭ.. ގުޑް ނައިޓް ޔާޝް,1
43405,vaahaka.com,"ވަރަށް ސަޅި.😊😊😘😘

    
    
                           
                    
    10",1
43415,vaahaka.com,މަވެސް ބޭނުން,2
43424,vaahaka.com,ސޮރީ ކިއުންތެރިއެއް 💞😅😅,1
43474,vaahaka.com,ވަރަށް ކުޑަކޮށް,2
43567,vaahaka.com,"މި ވާހަކަ އެއްކޮން ކީން..މި ވަރަށް ރީތި ވާހަކަ އެއް☺☺

    
    
                           
                    
    3",1
43613,vaahaka.com,އޯކޭ.. ފޯނު ޗާޖެއް ނުދާނެ ހަމަ ގައިމުވެސް..🤣🤣😂😂,2
43628,vaahaka.com,"ޝުކުރިއްޔާ ގާރލް💝🌸

    
    
                           
                    
    1",1
43633,vaahaka.com,ކިހިނެއްވީ,2
43634,vaahaka.com,އޯކޭ.. ޔޫ އަރ އޯލްސޯ ގުޑް 🤣🤣😅😅,1
43712,vaahaka.com,ޕްރައިވެޓް އިންސްޓަގްރާމް އައިޑީ އެއް ޔާޝްގެ އިންނާނީ,2
43723,vaahaka.com,"ހާދަ ކުރޭ. ދެން އިންނަ ބައި ދިގު ކޮށް ގެނެސްދޭނެ ކަމަށް އުއްމީދުކުރަން. 🙂

    
    
                           
                    
    8    

    
                        
                    
    1",2
43724,vaahaka.com,ދެން ކީ ކުރަންވީ,2
43738,vaahaka.com,އެއޮތީ ވޯކާގެ ނަމްބަރ 😟😟😟😕😕,2
43753,vaahaka.com,"ކަލޯ ގަދަ&#8230; ހެހެ&#8230; ތިހެން ނަމްބަރު ލިޔުނީމަ މިތާ ތިބި އެންމެން މެސެޖް ކުރާނެ&#8230;😂😂😂😂😂😂",2
43798,vaahaka.com,ލައްބަ,1
43832,vaahaka.com,😭😭,0
43833,vaahaka.com,"އާ&#8230;😂😂😂😂😂😂😂",2
43856,vaahaka.com,އަހަރެން އެބަ ހުރިން.. ބަޓް ބޭޑް ނިއުސް..😅😅😅😅😅😅😅😁😁,2
43857,vaahaka.com,މަ ދަނީ,2
43859,vaahaka.com,"ކޮބާތަ ކުދިން ކުދިން

    
    
                           
                    
    1",2
43865,vaahaka.com,"ހުކުރު ނުނިމެނީތަ، ހާދަ ލަހޭ
ބްލެކް ހޫޑީ
މިތާ ހިގާ ލަވް ސްޓޯރީ ތަށް ވާހަކައެއްގެ ސިފައިގަ ގެނެސްދެއްޗެ

    
    
                           
                    
    1",2
43872,vaahaka.com,"ތެންކިއު ނޯވަން💖💖🥰🥰😊⁦☺️⁩⁦☺️⁩

    
    
                           
                    
    1",1
43878,vaahaka.com,"ގާލް އެއް ކަންނޭގެ މީ..

    
    
                           
                    
    2",2
43881,vaahaka.com,"ޝުކުރިއްޔާ ނޫނޫ..💖💖🥰🥰😊😊

    
    
                           
                    
    1",1
43883,vaahaka.com,"ވަރަށް ރީތި ވާހަކައެއް

    
    
                           
                    
    2",1
43895,vaahaka.com,ޔާޝް ވެސް ދިޔައީތަ؟؟😌😌😕,2
43909,vaahaka.com,ޔާާ.. އަހަރެން ދެރައެއް ނުވަން😁😁,2
43921,vaahaka.com,އޯވްް.. ނަންވެސް ޖެހިނަމަނުން..؟؟😕😕😕😕,2
43928,vaahaka.com,ޔޫ ބުނީމެއްނު އަހަރެން ވެސް 9 ހޭ.. އެހެންވެ އަހާލިީ އޭޖް ތޯ ނޫނީ ގްރޭޑްތޯ.😅😅,2
43950,vaahaka.com,ދެން..؟؟😅😅😅,2
43965,vaahaka.com,"މަ ދޯ ބޮޑު ވާނީ

    
    
                           
                    
    2",2
43985,vaahaka.com,"ތީނަ ދަނީ ދޯ&#8230;😁😁😁",2
43993,vaahaka.com,"ގްރޭޓް&#8230;.👏👏👏👏",1
44005,vaahaka.com,އެންމެން ނުތިބެންޔާ އަހަރެން ވެސް މި ދަނީ😁😁😁😁,2
44042,vaahaka.com,"ގުޑް ކުޑޭ&#8230; ދެން އަޝް އޯ؟؟😁😁😁😕",2
44135,vaahaka.com,"ޔާޝް އައި ވާހަކަ އުން ކައިރީގަ ބުނީ&#8230;. ނޯޓް ޔޫ ސަމްވަން 😂😂",2
44176,vaahaka.com,"އޯހް.. މީ ޓޫ😌😌😌😁

    
    
                           
                    
    1",2
44192,vaahaka.com,ނިދާބަލަ,2
44246,vaahaka.com,"ނޫނޭ&#8230; ސްނެޕް ބޯއީ ނުލާ ދެން ތިބި ކުދިންނަށް.. ހައްހައްހައްހާ",2
44270,vaahaka.com,"ވަރަށް މިސް ވާނެ ތިހުރިހާ އެންމެންދެކެ.. ލަވް ޔޫ އޯލް&#8230;  ބާއި⁦♥️⁩⁦♥️⁩👋👋

    
    
                           
                    
    1",1
44312,vaahaka.com,"މަށެއް ނުލައްވާނަން ތަ؟؟ މަ ސިންގަލް އޭ&#8230; މަ އަދި އަލަށް ވެސް މީހަކާ ރައްޓެހި ނުވަން..

    
    
                           
                    
    1",2
44346,vaahaka.com,"އަމް.. ހައު އެބައުޓް ވައިބަރ🤔🤔🤔

    
    
                           
                    
    2",2
44385,vaahaka.com,"އިބުރަތްތެރި ރީތި ވާހަކައެއް!

    
    
                           
                    
    3",1
44415,vaahaka.com,ކޮން ވާހަކައެއް..😕😕😕,2
44423,vaahaka.com,"ޓްރެއިލަރ ވަރަށް ރީތި… ހީވަނީ މި ވާހަކަ ރީތި ވާނެހެން..މާޝާ ﷲ&#8230; 🖤🖤🖤🖤🖤🖤🖤🖤🖤🖤🖤🖤🖤

    
    
                           
                    
    1",1
44435,vaahaka.com,"ތެންކިއު.. ކޮބާތަ އަވްނީ ވާހަކަ.. މިހާރު ވަރަށް ކިޔާ ހިތުން މިހުރީ..💖💖⁦☺️⁩⁦☺️⁩⁦☺️⁩😊🥰🥰

    
    
                           
                    
    2",2
44442,vaahaka.com,"ބާއި ލަވް ޔޫ ސޯ މަޗް

    
    
                           
                    
    1",1
44451,vaahaka.com,"ބްރާވޯ..🤭😆😆😆😆😂😂😂😂😂🤣🤣🤣🤣🤣🤣👏👏

    
    
                           
                    
    1",1
44455,vaahaka.com,"ޔާ&#8230;😂😂",2
44486,vaahaka.com,އަޅޭ.. ލޮލަށް ނުވެއް ފެނި ތިޔަ އެއްބަސްވީ..😌😌😌,2
44492,vaahaka.com,ގާލް އެއްތަ އަނެއްކާ؟؟😅😅😅,2
44496,vaahaka.com,"ޔާ.. އެކަމް.. ފަސްޓް ބަލަންވީ އެއީ ގާލް އެއްތޯ؟؟😅😅😁😂

    
    
                           
                    
    1",2
44501,vaahaka.com,"ނޮޓް މީ.. ސްނެޕް ބޯއި&#8230; 😁😁😁",1
44515,vaahaka.com,"ހެލޯ&#8230;😝😁😁",2
44536,vaahaka.com,ހީހީ ހަލާކު ސްނެޕް ގާލް އެހެން ނުހަދާ,2
44548,vaahaka.com,"ވަރަށް ސަޅި

    
    
                           
                    
    1",1
44558,vaahaka.com,"ވ.ވ.ވަރަށް ސަޅި މި ބައި ވެސް⁦⁦⁦🌹
ދެން އިން ބަޔަށް ވެސް އިންތިޒާރު ކުރާނަން⁦❤️⁩⁦❤️⁩

    
    
                           
                    
    3",1
44580,vaahaka.com,"އަސްލުވެސް&#8230;😌😁",2
44600,vaahaka.com,"މި ވާހަކައިގެ ހުރިހައިބައެށް ވަރަށް ރީތި ⁦❤️⁩🖤⁦❤️⁩

    
    
                           
                    
    1",1
44638,vaahaka.com,😌😌😁😁😁,2
44686,vaahaka.com,ކޮބާހޭ އަނެއް ޕާރޱް,2
44689,vaahaka.com,"މި ވާހަކައިގެ އަނެއް ބައި ކޮބާތަ

    
    
                           
                    
    1",2
44699,vaahaka.com,"ޝުކުރިއްޔާ ގާރލް💓💓
ކޮމެންޓް ނުކުރިޔަސް ވާހަކަތައް ކީކަން އެނގުނީމަ ވަރަށް އުފާވެއްޖެ♥️♥️
އެންޑް ނޯ ނީޑް ޓު ބީ ސޮރީ😉🌺

    
    
                           
                    
    5",1
44708,vaahaka.com,"ޝުކުރިއްޔާ ފައިހާ❤️🥀

    
    
                           
                    
    3",1
44716,vaahaka.com,"ވާހަކަ ރީތި ވެގެންނެއް ނޫން ދޯ&#8230; ބްލެކް ހޫޑީ ލިޔާ ވާހަކަ އެއް ވީމަ&#8230; ބްލެކް ހޫޑީ އާ އަޅައިގަނެ އެ އުޅެނީ&#8230; ޔަގީން ބްލެކް ހޫޑީ ފެނުނަސް ފާހަގަ ކުރަންވެސް ނޭނގޭނެ ތޯއްޗެއް..

    
    
                           
                    
    10",2
44717,vaahaka.com,"އަފާ ތީ ހަމަ ބެސްޓު
ވަރަށް ރީތި މާޝާﷲ 💜
ބީ މައި ފްރެންޑް ޕލސ

    
    
                           
                    
    5",1
44750,vaahaka.com,"ވަރަށް ބޮޑު އިބުރަތެއް ހާސިލްވާ ވާހާކާއެއް

    
    
                           
                    
    5    

    
                        
                    
    1",1
44759,vaahaka.com,"ހެހެ&#8230; ހީވެސް ވެއްޖެޔޭ&#8230; މީވެސް ހަމަ ކްރާފްޓް ކޭމްޕްގަ އުޅުނު ކުއްޖެއް. ތި ސައިޓާ ޖެހިގެން އިން ސައޓުގަ އުޅުނީވެސް. ނައިސް ޓު މީޓް ޔޫ ޓޫ

    
    
                           
                    
    3",2
44809,vaahaka.com,"ހެހެހެ.. ޔާ.. ކިހިނެއް އެގުނީ.. ނައިސް ޓުމީޓުޔޫ😅😉👋🏻

    
    
                           
                    
    3",1
44832,vaahaka.com,"މިހިތަށް އަރަނީ ކޮންކަމަކާހޭ ސަމީރު މަންމަ މިހާރުޅިއެެއް މިއަންނަނީ؟

    
    
                           
                    
    1",2
44842,vaahaka.com,"ޔުމްނު!!
ހާސްފަށުން ޝުކުރިއްޔާ.
ވަރަށް ހިތްގައިމު ކޮމެންޓެއް ޔުމްނުގެ ފަރާތުން ލިބިފައިނީމަ. ވަރަށް ބޮޑަށް އުފާވެއްޖެ.
އަބަދުވެސް އަޅުގަނޑުގެ ވާހަކައަށް ކޮންމެސް ސިފައެއްގަ ޚިޔާލެއް ހުށައަޅާލާނެކަމަށް އިންމީދުކުރަން.
ވާހަކައަށްް އިންތިޒާރު ކުރަމުންދާތީ ވަރަށް އުފާވޭ

    
    
                           
                    
    1",1
44850,vaahaka.com,"ބުންނަވީ ތަ ހަަމަ އަސްލަށްވެސް؟؟

    
    
                           
                    
    4",2
44854,vaahaka.com,"ވާހަކަ ވަރަށް ރީތި🖤🖤💓💓💜💚💙❤️💚💛💜🖤🖤💛💚💚💙💙💚💛💜💜🖤💚💙❤️💚💛💜💜🖤

    
    
                           
                    
    1",1
44877,vaahaka.com,"ޝުކުރިއްޔާ 💙❄️

    
    
                           
                    
    2",1
44885,vaahaka.com,"ޝުކުރިއްޔާ ރޭޗަލް💚🍀

    
    
                           
                    
    2    

    
                        
                    
    1",1
44891,vaahaka.com,"އޭރިއަލް ތެންކިޔޫ⁦❤️⁩ ވަކި 18+ އަކަށް ނޫން.😊

    
    
                           
                    
    2",1
44923,vaahaka.com,"ޕުޝް އަޕްސް ވެސް ހަދަން ދޯ
އެހެންވީ މާ ވަރަށް ފިޓް ވާނެތާ ދޯ😂
ވަރަށް ރީތި  އިންގޭ މި ބައިވެސް😍😘☺

    
    
                           
                    
    6    

    
                        
                    
    4",1
44928,vaahaka.com,"މި ކޮމެންޓްތައް ކިޔާފަ ހަމަ ހީހީ ހަލާކު&#8230;..🤣🤣🤣🤣

    
    
                           
                    
    4",2
44955,vaahaka.com,"ހޭސް އެ ޗާންސް ޓު އިމްޕްރޫވް

    
    
                           
                    
    2    

    
                        
                    
    2",2
44961,vaahaka.com,"އަޅުގަނޑެއް ނޫން އެނޮނިމަސް ގޮތުގަ ކޮމެންޓް ކޮއްފައެއިނީއެއް&#8230;.

    
    
                           
                    
    1",2
44972,vaahaka.com,"އުޕްސް&#8230; ސޮޮރީ ނަން އޮޅުނީ&#8230; ހެހެ މައި ބޭޑް ؛) ރާޔާވެސް ވަރަށް އުފާވެއްޖެ ނަފޫ  ކަހަލަ އޯތާރ އަކާ ދިމާވީތީ&#8230; އަނެއް ވާހަކަ ސަބްމިޓް ކުރީތަ؟ ކާންޓް ވެއިޓް ފޯ އިޓް! ވިލް ޝުއަރލީ ރީޑް އިޓް 🙂

    
    
                           
                    
    1",1
44980,vaahaka.com,"ވާހަކަ ވަރަށް ރީތި😍😍މާޝާ ﷲ 😍😍 ދެންއޮތް ބައި ދިގުކޮށް ލަޗޭ&#8230; ☺️☺️ ވެއިޓިން 4 ދަ ނެކްސްޓް☺️☺️

    
    
                           
                    
    4    

    
                        
                    
    1",1
44988,vaahaka.com,"ވަރަށް ބޮޑަށް ޝުކުރިއްޔާ! 💓
އިތުރު ވާހަކައެއް ލިޔުމާއިމެދު ވިސްނަމުން މިދަނީ&#8230;
💖💞💓💕",1
45002,vaahaka.com,"ތީ ހަމަ ގައިމުވެސް ޔޫން އެއް ނޫން&#8230;.
ޔޫންގެ އިންނާނެ އެކައުންޓެއް&#8230;.
😅😅

    
    
                           
                    
    1    

    
                        
                    
    6",2
45004,vaahaka.com,"މި ކިޔާފަ ހިނި އަންނަނީ&#8230;. ރުޅި އެއް ނާދެ&#8230;.
😅😂😅😂😅😂😅😂😅😂😅😂😅😂😅😂😅😂😅😅😂😂😂😂😂😂👍🏻

    
    
                           
                    
    4    

    
                        
                    
    5",2
45009,vaahaka.com,"މަ ވަރަށް ލޯބިވޭ ބްލެކް ހޫޑީ&#8230;.😘😘😘💙މަށައް ހީވާާ އެއްޗެއް ބުނަންތަ؟؟؟؟؟
ލަވަ ޖަހަމުން ނަށަމުން ބޯ ތަޅުވަމުން
ވާހަކަ ލިޔަމުން ލަވަ ކިޔަމުން އާހްހްްހް!!!!!!ހުރިހާ ކަމެއް އެއްފަހަރާ ކުރަންޏާ ތި ސިކުނޑީގެ ދުވަސް ދާނެެ ނޫންހޯ؟؟؟؟ލޯބިވާ އަންހެން ކުއްޖެއްގެ ހައިސިއްޔަތުން ބުނެލަން ބޭނުންވަނީ ކަމެއް ކުރަންޏާ ކުރަންވާނީ އެންމެ ކަމެކޭ&#8230;ހުރިހާ ކަމެއް އެއްފަހަރާ ނުުރާތި&#8230;&#8230;&#8230;&#8230;&#8230;ދެން އޮތް
ބައި ލިޔަންވާނީ ލަވަ އަޑު ނާހާ.
ތަންކޮޅެއް ދިގުކޮށް ލިޔައްޗޭ އިނގޭ&#8230;..މަށަށް ވަރަށް ރީތި މި ވާހަކަ
&#8221;ޒިވިލް&#8221;😘😘😘😘😘😘😘😘😘
ބެސްޓް އޮފް ލަކް😘
ލަވް ފްރޮމް މީ ޓު ބްލެކް ހޫޑީ

    
    
                           
                    
    2    

    
                        
                    
    8",1
45021,vaahaka.com,"މަޑުން ހުރޭ

    
    
                           
                    
    4    

    
                        
                    
    7",0
45024,vaahaka.com,"ވާހަކަ ހަމަ ވވވވ ރީތި 💗💗💗

    
    
                           
                    
    2",1
45045,vaahaka.com,"ސަޅި ❤️

    
    
                           
                    
    6",1
45068,vaahaka.com,"ވާހަކަ އެހާ އެކްސައިޓިން އެއްނޫން. ހީވަނީ ޕްލޭންނުކޮށް ލިޔަންފެށި ވާހަކައެއްހެން 😐 އަބަދު ހުސް އެއް ގޮތެއް ވަނީ 😔 ނޯ ސަސްޕެންސް 😪 ޕްލޮޓް ކަޑަ 👎 ކަމޯން މޭން އަދި މިއައްވުރެ ސަޅިކޮށް ލިޔެވޭނެ ދިސް ވާހަކަ ހޭސް އެ ޗާންސް ޓު އިމްޕްރޫވް 💛 އަދި މަސައްކަތް ކޮއްފިއްޔާ ކިޔުންތެރިން ފޫހިނުވާނެ ގޮތަކަށް ގެނެސްދެވިދާނެ 😉 އަދި ޓްރައިއެއް ކޮއްލާ. 🙂

    
    
                           
                    
    1",0
45084,vaahaka.com,"ޥަރަށް ރީތި&#8230;.ކީޕް ގޮއިން&#8230;❤

    
    
                           
                    
    1    

    
                        
                    
    6",1
45127,vaahaka.com,ޝުކުރަން. ދެން އަންނަ ބައި އިންޝާ ﷲ ވަރަށް އަަވަހަށް ގެނެސް ދޭނަން,1
45141,vaahaka.com,"ވަރަށް ބޮޑަށް ޝުކުރިއްޔާ މެރެންޑާ😁. އިންޝާ ﷲ މާދަމާ އަޕް ކޮށްލާނަން 8 ވަނަ ބައި😊😍❤

    
    
                           
                    
    5",1
45178,vaahaka.com,"ވަރައް ރީތި ހަމަ ސާބަސް

    
    
                           
                    
    4",1
45213,vaahaka.com,"ވަރަށް ރީތި. ތަންކޮޅެއް ވާހަކަ ދިގުކޮއްލިނަމަ ވަރަށް ޕާފެކްޓްވާނެ. އަދި ލިޔާއިރު އެޕޯސްޓްރޮފީ ބޭނުން ކޮއްލަން ވާނެ. އެޕޯސްޓްރޮފީ ބޭނުން ނުކުރާތީ ވަރަށް އުނދަގޫ ކިޔަން… މިކަން ކަން ރަނގަޅު ކޮއްލާނެ ކަމަށް އުންމީދު ކުރަން… ގުޑްލަކް..
😍😍😍😍

    
    
                           
                    
    3",1
45252,vaahaka.com,"ވަރަށް ފުރިހަމަ..ގުޑް ޖޮބް ލަމް..❤️🇲🇻👮

    
    
                           
                    
    2",1
45287,vaahaka.com,"💚💚💚💚💚

    
    
                           
                    
    1",1
45328,vaahaka.com,"ޔެސް&#8230; ވަރަށް ރީތި މި ބައި ވެސް&#8230; ވަރަށް ވަރަށް ކަމުދޭ..😍😍 ކޮންމެ ދުވަހަކު ވެސް މަފީފް މި ވާހަކަ އަޕް ކޮށްދެންތަ ؟؟ އެންޑް ކިތައް އެޕިސޯޑް ހުރީ؟؟ ލަވް އިޓް އަ ލޮޓް&#8230;..⁦✌️⁩😉

    
    
                           
                    
    6",1
45331,vaahaka.com,"ޝުކުރިއްޔާ ޔޫހާ💜💮

    
    
                           
                    
    1",1
45382,vaahaka.com,"ޕަބްޖީ ވަބާ..،😅

    
    
                           
                    
    2",0
45387,vaahaka.com,"ޥަރަށް ރީތި💓

    
    
                           
                    
    2",1
45401,vaahaka.com,"ޝުކުރިއްޔާ ލުބްނާ ❤ ލޯޯބިވޭ 💙

    
    
                           
                    
    15",1
45439,vaahaka.com,"ބަޑި

    
    
                           
                    
    1    

    
                        
                    
    5",0
45453,vaahaka.com,"އަޅެ ނިމުނީތަ 😥😥 ދެން މީ އަބަދުވެސް ވާގޮތެއް ދޯ.. ކިޔާ ހިތްވާ އެއްޗެއް ކިޔާ ނިމުނީމަ ދެން ހާދަ ފޫއްސޭ.! ޔޫން ނެތްތަ މި ވާހަކަ އުމުރަށް ލިޔެވޭނެ ކަހަލަ ގޮތެއް. މޮޔަ ސުވާލެއް އެކަމަކު އެހެން އަސްލަށްވެސް ވާނެނަމަ ދޯ.. 😇 ލަވްޑް ދިސް ފުރޮމް ދި ސްޓާޓް އެންޑް އެންޑިންވެސް ވަރަށްށްށްށްށް ކިއޫޓްޓްޓްޓް ! އައި ލަވް އަވްގެ ވެޑިން ހެދުން. އަދި ޒިވީންގެ ހެދުންވެސް ވަރަށްށްށްށްށް ސަޅި ވާނެހެން ހީވަނީ.. މާ ދިގުވެސް ވެއްޖެދޯ..؟ ޔޫން.. ބުނަން ބޭނުންވަނީ ޔޫ އާރ ހަމަ ގްރޭޓް އޭ.. ނޯ ވަން އިޒް ޕާރފެކްޓް. މިސްޓޭކްސް ހެދޭނެ. ހަމަ އެ މައްސަލަތައް ރަގަޅު ކުރަމުން ހަމަ ލިޔަންވީ. އައި ވޯންޓް ސީޒަން 2 ވަރަށްށްށްށް އަވަހަށްށްށްށްށް !

    
    
                           
                    
    24    

    
                        
                    
    11",1
45501,vaahaka.com,"😭😭😭😭

    
    
                           
                    
    3",0
45555,vaahaka.com,"އަޅުގަޑުގެ ކޮމެންޓުތަކުގައި ބުނުއްވި ވާހަކަ ރަގަޅުގޮތުގައި ބަލައިގަންނާނެކަމަށް އުންމީދު ކުރަން 🙂

    
    
                           
                    
        

    
                        
                    
    13",1
45557,vaahaka.com,"މިފަދަ ވާހަކަ ނުދެއްކުން އެދެން. އަގަކާ ނުލާ ލިޔުންތެރިން އެ ވާޙަކަ ލިޔުންވަނީ ހަމަަ އަޅުގަނޑުމެންނަށްޓަކައި 🙂 ލިޔުންތެރިންނަށް ފުރައްސާރަ ނުކޮށް ލިޔުންތެރިންގެ މަސައްކަތް ބަލައިގަނެ އަދި ރަނގަޅުކުރަން ވީ ބައިތައް ކިޔާދިނުން އެދެން. މިހެން މި ދެންނެވީ ހަމަ އެންމެންގެ ހަމަޖެހުމައްޓަކައި 🙂

    
    
                           
                    
    2    

    
                        
                    
    11",1
45602,vaahaka.com,"ވަރަށް ރީތި👍އަޅުގަނޑަ ނިޤާބް އެއީ އާ ބަހެށް😊😊

    
    
                           
                    
    5",1
45619,vaahaka.com,"ޕްލީޒް ކިނާން ގެ ދަރި އަކަށް ހަދައިދީ&#8230; 🙏😭

    
    
                           
                    
    3",2
45644,vaahaka.com,"ޔޫން އެހެން ވާހަކަ  އަކަށް ހޭޓް ކޮމެންޓްސް ލިޔެފަ އިން ވާހަކަ  އެއް ބުނެދީބަލަ ގަބޫލު ކުރަން ދަތި ވީމަ  އަދި ނުފެންނާތީ

    
    
                           
                    
    2    

    
                        
                    
    2",2
45645,vaahaka.com,"ވ ރީތި 💖💖

    
    
                           
                    
    3    

    
                        
                    
    8",1
45648,vaahaka.com,"ޒެލް އެއީ މޮޔައެއް 😂

    
    
                           
                    
        

    
                        
                    
    16",2
45665,vaahaka.com,"ތީ މޮޔަ މީހެއް. މީ 2000 ގެ އަހަރުތައް. ތި މީހުން 1900 ގަ އުފަން ވާ މީހުންނަށް ވިސްނޭގޮތް&#8230;. ތި މީހުން ހީކުރީ 2000 ގަ އުފަންވާ މީހުން ވެސް 1900 ހެދިގެން އުޅެވޭނެ ކަމަށްތަ؟ ހަމަ ޖޭ ވަނީ.🤣

    
    
                           
                    
    1",0
45666,vaahaka.com,"ސުކޫލްގަ ވީކަމަކާހުރެ އަދި ކުރިން ދިމާވި މައްސަލަތައް ނަގާގެން ހަމަ ގަސްތުގަ ފޮނިތަޅާ ބައެއް މީ ހުވާ ހާދަ ފޫއްސެއްވެޔޭ 🙄🙄 މީ ވާހަކައާއި ގުޅޭގޮތުން ހިޔާލު ފާޅު ކުރަން. އެމީހުނަށް ފެންނަނީތޯއްޗެ ޚިޔާލު ފަޅު ކުރާށޭގެ ބަދަލުގައި ލިޔުންތެރިޔާ އައި ދޭތެރޭ މީހުން ގެ ހިތުގަ ނަފްރަތު އުފައްދާށޭ އޭ ޖަހާފަ އޮތް ތަން. 🙄

    
    
                           
                    
    3    

    
                        
                    
    6",0
45707,vaahaka.com,"ޔޫން މެން މޮޅު ވީމާ ޖޭވާނެ&#8230;. 😃😃

    
    
                           
                    
    7    

    
                        
                    
    6",2
45753,vaahaka.com,"ވވވވވވވވވވވވވވވވވވވވވވ&#8230;&#8230;&#8230;&#8230;.

    
    
                           
                    
    3    

    
                        
                    
    2",1
45759,vaahaka.com,"ރީތި ހަމަ އޯކޭ ހަމަ ފުދޭ 💋

    
    
                           
                    
    6    

    
                        
                    
    9",1
45778,vaahaka.com,"ވަރަށް ރީތި މިވާހަކަ ކުޑަބޭ&#8230;ހަމަ ރޮވިއްޖެ 😭😭😭

    
    
                           
                    
    1",1
45816,vaahaka.com,"ޥ ރީތި ތަންކޮަެޅެއް ދިގުކޮއް ގެނެސްދީީބަލަ

    
    
                           
                    
    8",1
45831,vaahaka.com,"ޓަފް

    
    
                           
                    
    1",1
45836,vaahaka.com,"ހާނުގެ ހުރިހާ ވާހަކައެއްވެސް ވަރަށް ސަޅި މާޝާﷲ

    
    
                           
                    
    3    

    
                        
                    
    1",1
45894,vaahaka.com,"މި ވާހަކައިގެ 6 ވަނަ ބައި ސަބްމިޓް ކޮއްފިން&#8230;. އިންޝާﷲ މާދަން ކިޔަން ލިބޭނެ&#8230;",1
45911,vaahaka.com,"ބަސްޓު

    
    
                           
                    
    5",2
45948,vaahaka.com,"މާޝާ ﷲ 👏⁦♥️⁩ ވަރަށް ރީތި 👍

    
    
                           
                    
    4",1
45968,vaahaka.com,"ކީފް އިޱް އަފް👍🏻👍🏻👍🏻👍🏻👍🏻👍🏻💞👏🏻👏🏻

    
    
                           
                    
    3",1
45974,vaahaka.com,"މި ހާތަނަށް ކިޔުނު އެންމެ ރީތި ވާހަކަ. ދެން އޮތް ބައި އަވަހަށް އަޕް ކޮށް ލާ.. 👍👍👍✍️

    
    
                           
                    
    5    

    
                        
                    
    8",1
46015,vaahaka.com,"ވަރަށް ރީތި އެހާމެ މަޖާ ވާހަކައެއް. ހެހެހެ
އަފާގެ ވާހަކަތައް ވަރަށް ރީތި. މާޝަﷲ. 😊

    
    
                           
                    
    3",2
46018,vaahaka.com,"ވަރަށް ރީތި

    
    
                           
                    
    2",1
46038,vaahaka.com,"ތޭންކްސް ޒިއާ 💖 އެދެނީ އެކުގައިވާށޭ ވާހަކަވެސް ވ. ރީތި 😘🥰💖

    
    
                           
                    
    4    

    
                        
                    
    8",1
46073,vaahaka.com,"ވަރަށް ރީތި މާޝާﷲ 💜💙💚💛🧡⁦❤️⁩

    
    
                           
                    
    5    

    
                        
                    
    8",1
46098,vaahaka.com,"އަޅެ ޔުމާން ދޯ އެ އީ. ދެން ހާދަ ދެރައޭ އަޅެ. ކިނާން އާއި ފަލަކުއާ ދުރު ނުކުރައްޗޭ ޕްލީޒް ޕްލީޒް ޕްލީޒް

    
    
                           
                    
    14",2
46105,vaahaka.com,"އެއީ 2014 ގައި މި ވާހަކަ 29 ވަނަ ބަޔާ ހަމަ އައް އަޕް ކޮއްފަ ހުއްޓާލި

    
    
                           
                    
    3",2
46141,vaahaka.com,"ކަލެޔާ ކޮން ބެހޭކަމެއްތަ މީހަކު ކޮންމެ ސައިޓެއްގަ ކޮންމެ ވާހަކައެއް ލިޔުނަސް&#8230; ޖަނަވާރެކޯ&#8230; އިންސާނެއް ޖަނަވާރަކަށް ވޭތަ؟؟؟ ކަލެއަށް ބުނެވޭނެތަ މީހެއްގެ ކައިރީ ސައިޓަކުން ދައްކާ ވާށެ އަނގަމަޑުން ލައިގެން ހުރެބަލަ&#8230;..
ނިޝާ.. ޑޯންޓް ޓޭކް ދިސް އޭޒް އަ ބިގް ޑީލްލްލް&#8230; ޔުއަރ ސްޓޯރީ އިޒް ދަ ބެސްޓް އިން ދިސް ސައިޓް!!!👍👍

    
    
                           
                    
    3    

    
                        
                    
    7",1
46145,vaahaka.com,"ކޮބާތަ 15 ވަނަ ބައި&#8230;ލިޔުންތެރިޔާގެ ބަހުއް ބޭނުން",2
46170,vaahaka.com,"އަސްލުވެސް..30 ވަނަ ޕާޓު ވާނީ ވަރަށް ދިގު އިންތިޒާރެއްގެ ނިމުމަކަށް&#8230;.މި ވާހަކަ އަކީ ވަރަށް ރީތި ވާހަކައެއް

    
    
                           
                    
    4",1
46180,vaahaka.com,"ޝުކުރިއްޔާ އެއްކަލަ ކުއްޖަ💓🌺

    
    
                           
                    
    5",1
46191,vaahaka.com,ށ,2
46226,vaahaka.com,"ވ ވ ވ ވ ރީތި&#8230; މާަ ކުރީ ޕާޓުތައް&#8230; ކިޔާހިތުން އިންދާ ނިމުނު އިރުވެސް ނޭނގުން😆🤣😂

    
    
                           
                    
    1",2
46254,vaahaka.com,"ތޭނކްސް ނަފޫ
ތިގޮތަށް އަބަދުވެސް ބުނެދެއްޗޭ",1
46258,vaahaka.com,"ވަރަށް ރީތި ވާހަކަޔެއް!

    
    
                           
                    
    2",1
46285,vaahaka.com,"ތެންކިއު ރޯސް..💖💖💖🥰🥰

    
    
                           
                    
    1",1
46297,vaahaka.com,"ވަރަށް ފުރިހަމަ&#8230; ނެކްސްޓް ޕާޓް ކޮންއިރަކު ؟❤️❤️

    
    
                           
                    
    2",1
46324,vaahaka.com,"ތެންކިއު ސްޓޯރީ ރީޑާރ&#8230;😊😊😊💖💖

    
    
                           
                    
    1",1
46338,vaahaka.com,"ސުބުހާނަ ﷲ އަހަރެން ހަމަ އަޖައިބުވެ އަންތަރީސް ވެއްޖެ މި ތިބަ މީހުންގެ އިމްމެޗުއަރ ކަން ފެނިފަ&#8230; ލިބުނު އެންމެ ނެގެޓިވް ކޮމެންޓެއްގެ ސަބަބުން މަންމީ އާ ޑެޑީ އަށް ވެސް ބެހެފިއެވެ. މީ ދެން ނުވިސްނޭވަރު ކުޑަކުދިންނެއް ނޫން ވިއްޔާ.. އެންޑް އޯލްސޯ މި އަށް ވުރެން ރީތި ކޮށް ވެސް ވާހަކަ ދެއްކޭނެ އެކަކު އަނެކަކާ
ރެސްޕެކްޓު ކުރުމަށްވެސް އަންގަވާފަ އޮންނަނީ ކަމަކުއެވެ. ބައިދަވޭ ވާހަކަ ވަރަށް ވެސް ރީތި ކާންޓް ވެއިޓް ޓު ރީޑް ދަ ނެކްސްޓް ޕާރޓް.. އަވަހަށް އަޕްކޮށްދީބަ ރައޫ

    
    
                           
                    
    8",2
46380,vaahaka.com,"މި ވާހަކަ ވެސް ވަރަށް ސަޅި..އަފާ ދެން ސިލްސިލާ ވާހަކަ އެއް ނުލިޔާނަންތަ؟

    
    
                           
                    
    1",1
46388,vaahaka.com,"ވަރަށް ރީތި.

    
    
                           
                    
    1",1
46490,vaahaka.com,"ހެޕި ބާރތުޑޭ މިސްބާހް

    
    
                           
                    
    10    

    
                        
                    
    1",2
46494,vaahaka.com,"މާޝާ ﷲ ވަރަށް ރީތި މިބައި ވެސް 👏👍⁦♥️⁩⁦♥️⁩

    
    
                           
                    
    9",1
46520,vaahaka.com,"ވަރަށް ރީތި އިނގޭ&#8230;ވެއިޓިން ފޯ ނެކްސްޓް ޕާޓް",1
46558,vaahaka.com,ރަގަޅު ކޮއްލެވޭތޯ ބަލާނަން.. ޝުކުރިއްޔާ 💕,1
46595,vaahaka.com,♥️♥️,1
46617,vaahaka.com,"އިންޝާﷲ އިސްލާމީ ޝަރީއަތް ގާއިމް ކުރެއްވުން އެދެން

    
    
                           
                    
    2",2
46667,vaahaka.com,"ތެންްކްސް ލަޔާ.. ޔޫ އާ ދަ ބެސްޓް.. ވވވވވވވވ ސަޅި😍😍 އަވަހަށް  އަޕް ކޮއްދެއްޗޭ..

    
    
                           
                    
    3",1
46695,vaahaka.com,ކިތައް އެޕިސޯޑްގެ ވާހަކައެއްތަ މީ؟؟ ވާހަކަ ވަރަށް ސަޅި,1
46771,vaahaka.com,"ތޭންކްސް ނަދޫ 💖💖💖 ވަރަށް އުފާވޭ ނަދޫގެ ސަޕޯޓްގެ ސަބަބުން.. އިޓް ރިއަލީ މޭކްސް މީ ވެރީ ހެޕީ 🥰🥰 އިންޝާ ﷲ ޔޫން ދެން އޮތް ބައި ވެސް ވަރަށް އަވަހަށް ނެރޭނަން 😊 ނަދޫ އާއި ހުރިހާ ކިޔުންތެރިން އިންތިޒާރު ކޮށްލާ 💖🥰

    
    
                           
                    
    5    

    
                        
                    
    3",1
46854,vaahaka.com,"އަޅުގަޑަށް ވަރަށް ކަމުދާ ވާހަކައެއް މި ވާހަކަ މި&#8230; 😸

    
    
                           
                    
    14    

    
                        
                    
    5",1
46885,vaahaka.com,"ވަރައް ރީތި ދެން އޮތްބާ އަވަހައް ގެނެސްދޭނެ ކަމައް އުންމީދުކުރަން

    
    
                           
                    
    1",1
46909,vaahaka.com,"ވަރަށް ފުރިހަމަ ވަރަށް ކިޔާ ހިއްވޭ ތި ކުރާ މަސައްކަތަށް ވަރަށް ބޮޑަށް ޝުކުރިއްޔާ ދެން އޮތް ބައިވެސް އަވަހަށް ފުނުވާނެ ކަމަށް އުންމީދު ކުރަން.

    
    
                           
                    
    2",1
46950,vaahaka.com,"ވަރަށް ރީތި.

    
    
                           
                    
    2",1
47036,vaahaka.com,"ޥ.ރީީތި⁦❤️⁩⁦❤️⁩⁦❤️⁩⁦❤️⁩⁦❤️⁩👍👍👍

    
    
                           
                    
    2",1
47039,vaahaka.com,"ޒިދާން ހަމަ ހަދަން ޖޭހޭ ގޮތައް ތިހެދި.

    
    
                           
                    
    3",2
47058,vaahaka.com,👍❤️,1
47141,vaahaka.com,"އެ ތެދެއް ޔޫން ކޮމެންޓް އިން ދޯ ޓޯކް ކުރެވޭނީ😥😥😥މި ވާހަވަ ވވވ ރީތި❣

    
    
                           
                    
    1",1
47189,vaahaka.com,"ވ ވ ވ ރީތި މި ބައި ވެސް
ލޯބިވޭ ޔޫން
ޔޫން ގެ އޭޖް ކިހާވަރެއްތަ

    
    
                           
                    
    21    

    
                        
                    
    3",1
47198,vaahaka.com,"ހާދަ އުޅުމެއް ނެތް ގޮތެއް ފޮތެއް ނެތް ލިޔުންތެރިއެކޭ މީ&#8230;

    
    
                           
                    
        

    
                        
                    
    1",0
47211,vaahaka.com,އެނޮނިމަސް ތެންކިއު ތިކިޔަނީ ކައޭ ތީ އެހެން މީހެއް ކިތުނާ އޭ ބުނެފައި އޮއްނާނެ ހިޔާލެއްގައި  މަށޭ ބުނަންވީ ތެންކިއު,0
47260,vaahaka.com,ބުނާނަން,2
47313,vaahaka.com,"👍👌✌✌😘😝😍😍
ވަރަށް ލޯބި ވާހަކައެއް.
ދެން ކޮން ވާހަކައެއް ލިޔަނި؟؟

    
    
                           
                    
    5",1
47318,vaahaka.com,"ސާބަހޭ ފެންޓަސީ&#8230; ނެގެޓިވް ކޮމެންޓަށް ވެސް ތި ގޮތުގަ ރީތި ކޮއް ރައްދު ދެވޭނެ&#8230; ލަވް ޔުއާ ވޯރކް&#8230;

    
    
                           
                    
    8    

    
                        
                    
    11",1
47331,vaahaka.com,"އެންޑް ލަވް ޔޫ މޯރ އިނގޭ.. ❣

    
    
                           
                    
    1    

    
                        
                    
    1",1
47340,vaahaka.com,"މާށާﷲ ވ ރީތި. ❤️

    
    
                           
                    
    1",1
47415,vaahaka.com,"ޝުކުރިއްޔާ މިއާ💞🌺

    
    
                           
                    
    1",1
47450,vaahaka.com,އަޅޭ ހާދަ ލަހޭ. އެކަމް ވ.ރީތި 💋💋💋,1
47456,vaahaka.com,"ޗީޑި&#8230; ތިއަށްވުރެ ރީތި ނަމެއް ލިޔަން ނޭގުނީތަ؟”ބިގް ވެނީލާ ބޫބްސް އެންޑް ލޯންގް ޗޮކްލެޓް ޑިކްސް“ ޕިސްޕިސްޕިސްޕިސްޕިސްޕިސް&#8230;.

    
    
                           
                    
    11",0
47457,vaahaka.com,"ޗީޑި&#8230; ތިއަށްވުރެ ރީތި ނަމެއް ލިޔަން ނޭގުނީތަ؟”ބިގް ވެނީލާ ބޫބްސް އެންޑް ލޯންގް ޗޮކްލެޓް ޑިކްސް“ ޕިސްޕިސްޕިސްޕިސްޕިސްޕިސް&#8230;.

    
    
                           
                    
    4    

    
                        
                    
    1",0
47512,vaahaka.com,💚💚💚💚,1
47513,vaahaka.com,"އެޔެެއް އަޅުގަނޑަކަށް ނޭނގޭ.
ސޮރީ ބްރޯ😟

    
    
                           
                    
    2",2
47558,vaahaka.com,"ކިނާންގެ ދަރިއެއް ފަލަކްއަށް ލިބެން އެއުޅެނީ. ކިނާން އެރޭ ކޮޓަރިއަށް ވަނީ ޔުމާންއަށް ފަލަކް ކަމުގޮސްފިކަން އެނގުނީމަ އެހެންމީހަކަށް ފަލަކް ލިބިދާނެތީ. ފަލަކް ވަރި ކުރާނެހެން ހިޔެއްނުވޭ. ކިނާން މިހާރު ހިޔާލު ބަދަލުވެއްޖެހެން ވަރަށް ބޮޑަށް ހީވޭ. އާލިޔާއަށްވުރެ ބޮޑަށް ފަލަކް މުހިއްމުވެއްޖެ ކިނާންއަށް.

    
    
                           
                    
        

    
                        
                    
    1",2
47608,vaahaka.com,"އެޔެއް އެނގޭނެ އިންޝާ ﷲ ޕާރޓު 22 ގައި&#8230; ކިޔާލައްޗޭ.. އަދި ތޭންކްސް 💖🥰

    
    
                           
                    
    1",1
47617,vaahaka.com,"ދެން ވާނެ ގޮތް ބަލާލަން މިކީ ދެން އޮތް ބައިތައްވެސް ކިޔާލައްޗޭ އިނގޭ 😍😘 ތޭންކްޔޫ މިކީ 🥰💖💖

    
    
                           
                    
    1    

    
                        
                    
    1",1
47622,vaahaka.com,"އަޅެ ތޭންކްސް ނޮންނީ 😘🥰💖

    
    
                           
                    
    1    

    
                        
                    
    1",1
47627,vaahaka.com,"ތޭންކްސް 😘😘

    
    
                           
                    
    1",1
47725,vaahaka.com,"ޥަރަށް ސަޅި&#8230;.ވާއު&#8230;މާޝާﷲ",1
47785,vaahaka.com,"މިވާހަކަ ރީއްޗޭކިޔާތީ މިކިޔާލީ ހެހެހެ ހަމަ ފައްކާ ޕޯން މޫވީއެއް. ލޮލް

    
    
                           
                    
    22    

    
                        
                    
    1",2
47849,vaahaka.com,"ވަރަށް ފުރިހަމަ ދެން އޮތް ބާ އަވަސް ކޮށްދެއްވުން ވަރަށް އެދެން

    
    
                           
                    
    4",1
47850,vaahaka.com,"ޥަރައް ރީތި

    
    
                           
                    
    5    

    
                        
                    
    2",1
47875,vaahaka.com,"ވަރައް ރީތި 2 ވަނަ ބައިގެ އިންތިޒާރުގަ

    
    
                           
                    
    1",1
47878,vaahaka.com,"މާޝާ ﷲ&#8230;މި ޕަރޓް ވެސް ވ.ވ.ވ.ވ.ވ.ވ.ވ.ވ.ވ ރީތި

    
    
                           
                    
    6",1
47880,vaahaka.com,"ވަރަށް ރީތި އިނގޭ&#8230;. ހަމަ ކުރިއަށް ދާންވީ.. 4 ވަނަ ބަޔަށް އިންތިޒާރު ކުރާނަން..??

    
    
                           
                    
    4",1
47994,vaahaka.com,މާޝާﷲ?,1
48035,vaahaka.com,"ޖުނައިދު އާ ހިބާ ގުޅުވަބަ ދެން

    
    
                           
                    
    1",2
48380,vaahaka.com,ތޭންކްސް އަ ލޮޓް މިސްޓްރީ ގަރލް.. ???,1
48618,vaahaka.com,ތޭންކްސް ❤❤❤❤❤,1
48749,vaahaka.com,"ޔޫން ޓްރައި ކުރާނަން އިނގޭ އަވަހަށް އަޕް ކޮށްލަދެވޭތޯ.. ވަރަށް ބޮޑަށް ތެންކިއު ޢާރާ.. ވަރަށް ހެޕީ ?❤??

    
    
                           
                    
    4",1
48766,vaahaka.com,"އާވްވް ? ހެޕީ ބަރތްޑޭ ހިލްމާ ??

    
    
                           
                    
    3",2
48854,vaahaka.com,"ތޭންކްސް ލާނީ.. ވަރަށް ބޮޑަށް އުފާވެއްޖެ.. ???

    
    
                           
                    
    2",1
48947,vaahaka.com,"ދެޓް ވޯޒް ވެރީ ސްވީޓް އޮފް ޔޫ ޒުކާން.. ވަރަށް އުފާވެއްޖެ ??????

    
    
                           
                    
    3",1
49003,vaahaka.com,"ތެންކިއޫ އައިލިޝް ??? ވެރީ ހެޕީ ??

    
    
                           
                    
    1",1
49054,vaahaka.com,ކޮން އިރަކުން ވާހަކަ އަޕްކުރަނީ؟,2
49155,vaahaka.com,"ތޭންކްސް ????

    
    
                           
                    
        

    
                        
                    
    1",1
49160,vaahaka.com,ވާވް ވާވް ވާވް.. އެކްސައިޓިން ވަރަށް ?,1
49191,vaahaka.com,"އޯހ ގޯޑް ސަޖާޔާސުޖާގެ މާމަޔޭ، ތީ ކާކު&#8230; އެންޑް ވައި މައި ނެޔމް

    
    
                           
                    
    3    

    
                        
                    
    1",2
49216,vaahaka.com,"އާވްވްވް.. ??? އަ ވެރީ ސްޕެޝަލް ކޮމެންޓް ?? ތެންކިއު ނައިފަރު.. ވަރަށް ވަރަށް ވަރަށް ބޮޑަށް އުފާވެއްޖެ ???

    
    
                           
                    
    3    

    
                        
                    
    1",1
49217,vaahaka.com,"ގުޑް ޓު ނޯ.. ވަރަށް ބޮޑަށް ޝުކުރިއްޔާ ???

    
    
                           
                    
    3    

    
                        
                    
    1",1
49221,vaahaka.com,"ވެރީ ހެޕީ ޓު ނޯ ދެޓް.. ވަރަށް އުފާވެއްޖެ ނޭމްލެސް&#8230; ???

    
    
                           
                    
    3    

    
                        
                    
    1",2
49254,vaahaka.com,"ތޭންކްސް ނޮންނީ.. ވަރަށް އުފާވެއްޖެ ???

    
    
                           
                    
    3    

    
                        
                    
    1",1
49300,vaahaka.com,"އަޅެފަހެ ވަރެއްގެ ކަމެއްނު.. ނަން ލިޔަން ހަނދާން ނެތިއްޖެ&#8230; ބޯ ހަލާކު.

    
    
                           
                    
    13    

    
                        
                    
    1",2
49311,dhuvas.mv,މާދަން އިރު އަރާއިރު ފުލުހުން ހަނދާނެއް ނުހުން ނާނެ,2
49342,dhuvas.mv,ދިއްދޫ ސިއްޙީ މަރުކަޒެއް ނޫން! ހއ. އަތޮޅު ހަސްފަތާލު,2
49381,dhuvas.mv,މިފަދަ ވަގުތެއްގަ ވެސް ކިޔަވައި ނުދެވިގެން ތިއުޅެނީ.. ސަރުކާރުގެ ބެޖުޖަހަން. ގިނަ ޓީޗަރުންނާއި ބެލެނިވެރިން ތިބީ އެކަމަށް ތައްޔާރުވެގެންނެތްނޫން. ގިނަ މީހުންތިބީ ނަފްސާނީ އެހީތެރިކަން ބޭނުންވެފަ. ކީއްކުރަން ކުރާކަމެއް ތީ. ދުނިޔޭގެ އެހެންތަންތާވެސް މިކަން މަށުވެލަންދެން މަޑުކޯސްލައިގެން ތިބީ. ކަމަނާވެސް ގޭގަ މަޑުން އިންނަވާ,0
49439,dhuvas.mv,"އައި.ޖީ.އެމް ހޮސްޕިޓަލް ރަގަޅުގޮތަކީ
އައި.ޖީ.އެމް.އެޗް ހޮސްޕިޓަލް (އިންދިރާގާންދީ މެމޯރިއަލް ހޮސްޕިޓަލް ހޮސްޕިޓަލް) ވީމާ ނަން އަސްލު ނަމަށްވުރެ ދިގުވޭ. ވިސްނާފައި ފޭރާން ހެޔޮ ލިޔުން ލިޔަން ގޮވާލަން",2
49472,dhuvas.mv,ދޮގު ހަދާ މީހެއް ނޭގުނު,2
49477,dhuvas.mv,ސަރުކާރުން ތޯއަންބި ދީފަ ތަޅަން ބުނީ؟  😡😡😡,0
49491,dhuvas.mv,ޢަސްލުވެސް އުވާލަންވެފަ އޮތް ޗެނަލްއެއް.,0
49503,dhuvas.mv,ސަރުކާރުން ކުރަންޖެހޭ ކަންކަން އޮތީ ކޮށްދީފަ. ލޯން ނަގައިގެން އުޅޭމީހުންނަށް ލޯނު ދެއްކުން ފަސްކޮށްދީފަ އޮތީ. މާނަޔަކީ ކުލި ނުދައްކައިގެން ލޯނު ނުދެއްކިގެން އުޅޭކަށް ނުޖެހެޔޭ މި ދުވަސްވަަރު. ކުލި ކުޑަކޮށް ނުދެނީ ސަރުކާރުގެ މައްސަލައެއް ނޫން. މީހުންގެ އިހުލާސްތެރިކަން ނެތްކަން. ދިވެހިން ދިވެހިންގެ ގޮތުގައި.,2
49505,dhuvas.mv,އަރެން ހުންނާނީ ގޭގައި ، އަހަރެން ގޭގައި މިހުންނަނީކީ  ސަރުކާރުން މަޖޫބޫރު ކުރީމަކާ ނޫއް، މީ އެންމެ ރައްކާތެރި ގޮތްކަން އަހަރެންގެ ސިކުނޑި އަށް ވިސްނޭތީ.,1
49511,dhuvas.mv,ވ.ރަގަޅު ނިންމުމެއް ޝުކުރިއްޔާ. މިނިސްޓަރ,1
49547,dhuvas.mv,ޝީޝާ ބުއިމާއި ހިދުމަތް ދިނުން މީ ދާއިމީކޮށް ވެސް މަނާކުރަންޖެހޭ ކަމެއް,2
49556,dhuvas.mv,މަބުނީ އޭނަ ގާތު ނާންނާށޭ. އެއީ އަހަރެން ބުނެގެން އަންނަން އުޅުނީ، އެހެންވެ. މިކަންތައް ނިމުނީމަ އަންގާނަން ކައިވެނި ތަޜީޚް,2
49577,dhuvas.mv,އެއީ ދިވެހި ރާއްޖޭގައިނަމަ ވަރަށް ލާދީނީވާނެ، މުސްކުޅިންނާ ކުޑަކުދިންނާ ބަލިމީހުންނާ މިސްކިތަށް ނުދާށޭ ބުނީމަ ހުރިވަރެއް، މާބޮޑަށް އެނގެނީ ދޯ,2
49581,dhuvas.mv,ބަލަދެން ކީއްތަ ވި މިނިސްޓަރ މަހްލޫފްގެ ދައްތްއަކައްިޔަ އެއި އެވަރު ކަމެއް ނޫނެއްނުންތަ އަޅެ,2
49587,dhuvas.mv,ހެލްތުމިނިސްޓަރުގެއަށް,2
49603,dhuvas.mv,އައްޑޫގައިވެސް ކޮންޓެކްޓްވި ފަރާތެއް ރިޒޯޓުން އައި އަންހެން މުވައްޒަފެއް އެބަވޭ. މިކުއްޖާގައިންވެސް އަލާމާތްތައް އެބަފެނޭ ކަމަށް އެބަބުނޭ އާއިލާފަރާތުން,2
49607,dhuvas.mv,ކޮންމެ މީހަކަށްވެސް ހަގީގަތް އެނގެންޖެހޭ. ދޮގު ވާހަކަތަކެއް ދައްކާނަމަ އެއީ މައްސަލައެއް.,2
49619,dhuvas.mv,ޑެން ތިމީހާ ަަަަަަަަަަަަަަަަަަަަަަަަަަަަަަަަަަަަަަަަަަަަަަަަަަަަަަަަަަަަަަަަަަަަަަަަަަަަަަަަަަަަަަަަަަަަަަަަަަަަަަަަަަަަަަަަަަަަަަަަަަަަަަަަަަަަަަަަަަަަަަަަަަަަަަަަަަަަަަަަަަަަަަަަަަަަަަަަަަަަަަަަަަަަަަަަަަަަަަަަަަަަަަަަަަަަަަަަަަަަަަަަަަަަަަަަަަަަަަަަަަަަަަަަަަަަަަަަަަަަަަަަަަަަަަަަަަަަަަަަަަަަަަަަަަަަަަަަަަަަަަަަަަަަަަަަަަަަަަަަަަަަަަަަަަަަަަަަަަަަަަަަަަަަަަަަަަަަަަަަަަަަަަ ރަށަށް ފޮނުވާލާ ދާތަނުން ބުނާނެ ޕޮޒިޓިވް އޭ,2
49662,dhuvas.mv,މަރުގެއަދަބުދޭނެ ކޮމިސަނެންއުފައްދާކަންނުކެރޭ,2
49670,dhuvas.mv,އަހަރެމެން އިސްލާމުންނޭ ކިޔާތީ ލަދުގަނޭ . ފޮތުގެ އެއްބަޔަށް އީމާން ވެފަ އަނެއްބަޔަށް ކާފިރު ވެވޭ ކަން އނގެނީ ކިތައް އަންހެނުންނަށް ބާ؟ ދެ އަންބައް ކައިވެނިކުރުން އެ އީ ހަމަ އެކަނި ސުންނަތެއް ނޫން .   އެ އީ ކީރިތި ޤުރްއާން ގެ އާޔަތެއް . އަދި ފިރިހެނުންނަށް ލިބިދީފަވާ ބޮޑު ހައްްެޤެއް . ބޮދުވެގެންވާ ހިކްމަތެއް.  އަންހެނުން  އްކަނި ތިބެ ްއަމިއްލަ ނަފްސާ ސުވާލް ކޮށްބަލަ. ފިރިމީހާ ގެ ހައްްުތަކަށް ބަރާބަރައް ރައްކާތެރި ވެވެޭތަ؟  ފޫ ކަހާ މޫނު ކުނިކޮށްގެން ނިދހަނީ ކިތައް އަންހެނުނ؟  ދެން މިހާރަކު ނޫނޭ.  ބުނެ ޖަވާބު ދޭ އިރު މި ކުރެވޭ ކަން އެންގޭތަ؟  ހަމަ އެކަނި ދހަރިންނަށް ވިސްނާކަށް ނޫން ދީނުގަ އޮންނަނީ .,0
49685,dhuvas.mv,ސަތޭކައިގެ ނިންމުމެއް، ޝުކުރިއްޔާ ޖަޒީރާ ސަރުކާރު 🙂,1
49740,dhuvas.mv,މާލަސް ވެއްޖެ,2
49751,dhuvas.mv,މުނާފިޤުންގެ ސިފައެކޭ ބުނީމަ ކިހިނެއްތޯ މާނަ ކުރައްވާނީ އެއީ މިވެނި މީހަކީ މުނާފިޤެއްކަމަށް ބުނީއޭ.އެހެން ދޭހަވެއެކޭވެސް ނުބުނެވޭނެ.,2
49765,dhuvas.mv,ޙީ ބުރޯކް މައި ހާރޓް,0
49792,dhuvas.mv,ރަނގަޅު ޒިންމާ ތައްރަނގަޅަށް ފެނި ހަމަލޮލުން ދެކިގެންނޫނީ ރަނގަޅަކަށް އަދައެއް ނުކުރެވޭނެ. އަދި ވަކި ކުށްވެރިއެއް ވީތީ ދެރަގޮތަކަށް ޢަމަލުކޮށްގެންވެސް ނުވާނެ.,2
49860,dhuvas.mv,ރަނގަޅު ވާހަކައެއް ނަމަވެސް އެމްޑީޕީ އަކީ ހެއޮ ކަމެއް ކޮށްދީފި މީހަކަށް ތެއޮ ހަމެއް ދޭ މުނާފިގު ބައިގަނޑެއް.,0
49881,dhuvas.mv,ނިންމުން އެހާއެހާއެއް ނޫން. ނަޒާން ރޭޕްކުރުމުގައި ބައިވެރިއެއްނުވެޔޭ މި ވާހަކައިން ކިޔުނުހެންވެސް ހީވޭ. ާނިންމުން މާއަވަސް އަރުވާލާފަ މި އޮތީ.,0
49897,dhuvas.mv,ޓުރޫ,2
49912,dhuvas.mv,ވާހަކައިގ އަނެއް ބައިވެސް ގެނެސްދެވޭނީ ހަމަ މިހާ ދުވަސް ކޮށްފަތަ؟ ލިޔާ ކުުއްޖާ,2
49929,dhuvas.mv,3 ވަނަ މަންޒިލަކީ ހީވާގޮތުން ނޫނު މާފަރު އިންޓަނެސެނަލް އެއާޕޯޓް,2
50043,dhuvas.mv,ވަރަށްވެސް ބޮޑު ތެދެކޭ. މީނަ މީ ދިވެހި ޖުޑިޝަރީގަ އެންމެ ހަޔާތްކުޑަ އެކަކު. މުޅި އުމުރުގަވެސް ރިޝްވަތުގެ ކަޅު ފެނުން މީނާ ފެންވަރަމުން ދިޔަކަން މީނަ ދަންނަ އެންމެން ގަބޫލުކުރާނެ ޝައްކަކާ ނުލައި.,0
50052,dhuvas.mv,ހާދަ ސަސްޕެންސް ބޮޑޭ. ކާންޓް ވެއިޓް,2
50062,dhuvas.mv,"މިއަދުވެސް މާލޭގައި މީހަކަށް ވަޅިން ހަމަލާދިން &#8216; މީ ކުޑަކޮންގޯސް  ހަމަލަ ދޭންވިއޭ ބުނީމަ ބޮޑައްގޯސް. މީ ބޮޑު ޖޯކެއްނު. ކިތަންމެ ރުޅިއަޔަސް މުރުތައްދުންގެ ހުކުމަކީ އިސްލާމް ދީނުގައި މަރު.",0
50073,dhuvas.mv,އަމިކައެދުންބޮނޑުކަން,0
50110,dhuvas.mv,ނަޒާން އާ ޝައިލާާ ނުގުޅުވާ ޝައިލާގެ ލައިފަށް އެހެން ކުއްޖަކު ގެނެސްބަލަ ޕްލީޒް😭😭😭,2
50116,dhuvas.mv,"ޚިލާފެއް އުފެދިގެންނޭ ކިޔައިގެން ފޯކަސް އަނބުރާލަން ދޯ ތިއުޅެނީ&#8230;.",2
50157,dhuvas.mv,ޢަަޅެ ހާދަ ކުރޭ,2
50206,dhuvas.mv,ތި މައުސޫމް ކުއްޖާ އަވަހަށް ދޫކޮށްލާ. ތީ މިނިވަން ފިކުރު ކުއްޖެއް. ލޮލް,2
50219,dhuvas.mv,އިންސާނުންގެ ނަމުގަ ތިބޭ ހައިވާނުން,0
50229,dhuvas.mv,ތިހަމަ ހުސްޑްރާމާ. ސަރުކާރު ނުހިނގާ ވާހަކައާ ބަޖެޓަށް ވީނުވީއެއް ނޭގި ދައުލަތުގެ ރިޒާވް ހުސްވާ ވާހަކަ މީހުން ދައްކާތީ އެވާހަކަ އޮއްބާލަން ވާހަކައެއް ހަދާލީ.,0
50247,dhuvas.mv,ޅިޔެވިފަައި އިނި ނުބައި ވަގުތެއް,2
50257,dhuvas.mv,އެހީ ނުވެފަ ދެން ކޯއްޗެއް ބަލާ ވާހަކަ ތިބުނީ,0
50278,dhuvas.mv,މިހޯދުން ހޯދި ސައިންޓިސްޓުން ހޯދަން އަހަރެން ބޭނުން.,2
50306,dhuvas.mv,"ޕްރިޔަންކާގެ ތުންފަތް ބޮޑުކަމުންދޯ އެއީ&#8230;؟؟؟؟",0
50319,dhuvas.mv,ކޮބާތޯ އެެއްކަލަ އަނގަފުޅާކޮށްފަ ނަރުހުނަށްވުރެެއް ގިނަ ވަގުތު މަސައްކަތްކުރާ ކަމަށް ގޮވާ ޓީޗަރުން؟ އެމީހުންވެސް ކިޔަވައިދޭން ދާނެބާ؟ ނޫނީ އާއިލާއާއި އެެއްކޮށް ޗުޓީ ހޭދަބާ ކުރާނީ؟,2
50351,dhuvas.mv,ބައްޕަގެ ނަން ވެސް ޖަހާލި ނަމަ ރަނގަޅުވީސް,2
50363,dhuvas.mv,ފަސް ކާފް ފުރިހަމަކުރޭ..,2
50375,dhuvas.mv,މޮޔަ ވާހަކަ ދައްކާ ބައެއް,0
50391,dhuvas.mv,ގޭމްގެ އަވާގައި މާގިނައިން ޖެހި، އާއިލާތެރޭ މަސްލަހަތު ގެއްލޭ ކަމަށް ފެންނާތީ ތިޔަ ގޭމު ކުޅުން އަޅުގަނޑުވެސް ހުއްޓާލައިފިން,2
50433,dhuvas.mv,އިނގޭތަ؟ އެއް ނޫން އެނގޭތަ؟ ތަންފުކެއް ބޮޑު ވަރު,2
50449,dhuvas.mv,ކަޕްލް ގޯލްސް,1
50454,dhuvas.mv,ވަޒީފާ އަށް ދާންފެށީމަ އެކަނިވެރިމައިންނަށް ދޭ އިނާޔަތެއް ނުލިބޭ.. ވަޒީފާ އަށް ދިޔައީމަ މީހަކާ އިން ކަމަށް ވޭބާ؟,2
50461,dhuvas.mv,ސަރުކާރުން އެކަނިވެރި މައިން މާނަ ކުރަނީ ކިިހިނެއްތޯ ސަރުކާރު ކައިރީ އަހާލަ ދޭނީ ކޮން ކުއްޖެއްތަ,2
50466,dhuvas.mv,24 ގަޑިއިރު ގަނަ ތެޅިގެންވެސް މަހަކު ލިބެނީ 5000ރ އެކަމު ގޭގައިންނަ މަސައްކަތް ކުރެވޭ އަންހެންމީހައަށް 7500ރ މީ ވަރަށް ތާހިރު ގޮތެއް.. ޖާބިރޫ މިއަށް ކިޔަނީ ބަލާވެރިކަން,0
50486,dhuvas.mv,"ކބބ އެއް.
ޚާއްސަ އެހީ އަށް ބޭނުންވާ މީހުންނަށް ދޭ ފައިސާ ކޮޅު އިތުރުކޮށްދީބަލަ.",1
50495,dhuvas.mv,ޓެކުސިި ޑުރަަަައިވަރުން ނޮޅަަަައިގެން ކައިބަލަ,0
50500,dhuvas.mv,"ޕިސްޕިސްޕިސް އެހުންނަނީ މީހުންގެ ޚިޔާލު&#8230;!!!",0
50507,dhuvas.mv,ތިޔައީއެއް ވެސް ވާހަކަ އެއްނޫން,2
50516,dhuvas.mv,ޢަހަރުމެން މިތިބެނީ މަގުގެ ދެކޮޅަށް ދުއްވާ ދުއްވާ ދަތުރެއް ލިބޭތޯ ހަމަހުސްކޮށް ގަޑިއެއް ހާއިރު ދުއްވަން ޖެހޭ ކާރު ނުވައްނަ ހަނިގޯޅިގނޑެއްގަ ހުއްޓަކަސް ކާރެއް ނުލިބޭނެ,2
50526,dhuvas.mv,ވަރަށް ރަގަޅު ބޭފުޅެއް އެއީ,1
50546,dhuvas.mv,ރޯދަމަހުގެ ބިލް އަދި އޮތީ އަންނަން. އެންމެ ފަހުން އައި ބިލްގަ އިނީ ރޯދަމަހުގެ ދެރިން ދުވަހަސް. ރޯދަމަހުގެ 25ހަކަށް ދުވަހުގެ ނިލް އަދި އަންނަން އޮތީ. މިހާރު ދިވެހިންގެ ތެރެއިންގިނަމީހުން ބޭނުންކުރާ ކަރަންޓު ސާމާނުގެ ތެރޭގައި: އޭސީ، އަވަން، މައިކްރޯވޭވް، އެއަރފްރަޔާރ، މިކްސްޗަރ، ވޯޓާ ހީޓާރ، އިލެކްޓްރިކް ކެޓްލް، ޓީވީ، ކޮމްޕިއުޓަރ، ފޭން، ހެޔަރޑްރަޔަރ މިހެން ގިސް ކިޔާނެކަނެއް ނެތް. ބިލް ބޮޑުވީމަ ބުނާނީ ބޮޑުވި ވާހަކަ.,2
50587,dhuvas.mv,ޙަހަހަ,1
50604,dhuvas.mv,ލަދު ހަޔާތް ކުޑަކަން,0
50710,dhuvas.mv,"މީނާ ވެއްޓޭތަން ފެނިގެން މީހުން އެ ސަރަހައްދަށް ދިޔައިރު. &#8230;&#8230;  ވެއްޓުނުތަން ފެންނާނީ.",2
50736,dhuvas.mv,މޮޅު މޮޅު ޒޫނާ,1
50761,dhuvas.mv,ޙަހަހަހަހަހަހަ,2
50793,dhuvas.mv,ސަޅި,1
50795,dhuvas.mv,ދެން ވާނީ ކިހިނެއް ބާ ވަރަށް ކިޔާލަ ހިތުން މިހުރީ ކޮން އިރަކުން ދެން 15 ވަނަ ބައި ގެނެސް ދޭނީ     😍😍 💖💖 ❤️❤️ 💙💙 💚💚  💜💜 💛💛 🌷 🌹,1
50838,dhuvas.mv,އިސްލާމްދީނުގެ ހިމާޔަތުގައި މަސައްކަތް ކުރާނެމީހުން ސަރުކާރުގައިވެސް އަދި ރައްޔިތުންގެ މަޖިލީހުގައިވެސް ތިބޭނެ. އެކަމަކު އެމީހުންގެ ތެރޭގައި ރައީސް ނަޝީދު ކިޔާމީހަކު ނުހިމެނޭ. ދާދިއަވަހަށް އެކަން ފެނި ހާމަވެގެން ދާނެ. އިންޝާﷲ,2
50881,dhuvas.mv,ސާބަހޭ,1
50944,dhuvas.mv,މިކުއްޖާ އާއި ކައިވެނި ހަރާމް ވާނެ އެ ދޮންބައްޕަ. ރޭކުރީމަ އެެއްނު ދަރިން ލިބޭނީ.,2
50945,dhuvas.mv,"ހަމައެކަނި ޕޮސްޓްޕެއިޑް ކަސްޓަމަރުނަ
ކިޔެވެ ޕުރިޕެއިޑް ކަސްޓަމަރުން އަ ނެތީ",2
50979,dhuvas.mv,އާމީން,1
51012,dhuvas.mv,ވެރިކަމާ ހެދި އެއުޅުއްވަނީ ސަލްފީ ނުނެގިގެންތަ .ރައްޔިތުމީހާއަށް ކަމެއް ނުކޮއްދެވޭއިރު ސެލްފީ ދޯ ނަގަންވީ .ބޯހަލާކު ގެއަށްދޭ ސެލްފީ ނުނަގަ ރަށަށް ދިއައަސް ކޮންމެވެސް ތާކަށް ކަޑައިލާ .ވައުދުވެސް ފުއްދަނީކީ އެއްނުން .ސެލްފީ ނަގާކަށް ވައުދު ވީކަމެއް ނުދެނަހުރިން .ވެރިކަމާ ހަވާލުވީ ވައުދު ވެގެން ވައުދު ފުއްދާނެކަމަށް ހުވާކޮއްގެން 100 ދުވަހުން ފުއްދައްޖެހޭ އެއްވައުދެއް ނުފުއްދުނަސް ވެރިކަން ފޭލިވީ.,0
51032,dhuvas.mv,ވަކި ކުލައެއްގެ މީހުން ނާރާގޮތަށް ސެޓްކޮށްފަ ހުންނަނީ.,2
51038,dhuvas.mv,ހިސާބު މާއްދާ ކިޔަވައިދިނުންވެސް ހުއްޓާލީތަ ؟އަމީނިއްޔާ ގުރޭޑް 8 ގަ ( ބައެއް ކުލާސް ތަކުގަ )ހިސާބު ކިޔަވައެއްނުދޭ .ޓީޗަރު ހޯދަން އިއުލާން ކޮއްގެން އުޅެނީ ދޯ މިނިސްޓަރޫ .މިނިސްޓަރުގެ ބަހުންނަމަ ތައުލީމީ އާއަހަރުގެ ކިޔަވުން ފެށީވެސް ޓީޗަރުން ހަމަކޮއްގެން .މިނިސްޓަރ ނުވިއެއްނުން. ގެއަށް ކަޑައިލާ .އިތުރުފުޅު ހެއްދެވުމުގަ އަރާ ހުރި މިނިސްޓަރެއް .,0
51058,dhuvas.mv,ކުރަނީ ކުރަނީ ކުރެވޭ ތަނެއް ނުފެނޭ  ޖަޒީރާ ޖަލްސާގަ އިބޫ ބުނި ކަރަންޓްގެ އަގުވެސް ކުޑަ ކޮއްފިމޭ ބިލަކުން އެކަން ނުފެނޭ ދެން މިހާރު މިކިޔަނީ މިމަހުގެ 28ގެކުރިން ކުޑަ ކުރާނަމޭ ބަލްނ މިތިބީ 28 ގަ ވަނީ ކިހިބެއްތޯ,2
51065,dhuvas.mv,ފަޔާ ތިގޮތުގަ ކުރިއަށްދޭ. ހިތްވަރު އެލުވައިނުލާތި.,1
51078,dhuvas.mv,ހޫން އަނެއްކާ އަނެއްކަމެއް ފެށުނީ މީ ހަމަ ބޮޑުވެގެންވާ އުނދަގުލެއް އަޅެ އަތް ބުރިކުރަންވެއްޖެ ދެން ފޭރިއެއް ނުގަނެވޭވެ ހިފާ ހައްޔަރުކޮށްފަ ބުރިކުރަންވީ މީ މަސައްކަތެއް ނުކޮށް މިހެން ފޭރޭ މީހުން,2
51093,dhuvas.mv,މާރިޔާ އިސްތިއުފާ ދޭންޖެހޭނެ. މިއުޅެނީ ސަކަރާތް ޖަހާކަށް ނޫން! ގޯޓް އިސްތިއުފާ.,0
51137,dhuvas.mv,ދިވެހިން ނަކީ ވަރަށް ނާތަހުޒީބު ބައެއް. ޢެހެންނޫންވާނީ ތަރަށްގީ ނުވެއޮތް ގައުމެއް ވިޔާ.,0
51172,dhuvas.mv,ބުއިން ކިޔާނީ,2
51180,dhuvas.mv,އަންހަ ލައިފް ގަ އަންނާނެ އަޕްސް އެން ޑައުންސް ދެން ނުރޮއެ ާާލިހުގަ ބައްދާލައިން އޮވޭ އިންގެ.,1
51183,dhuvas.mv,އަދަބުލިބެން ޖެހޭނީ ކުށެއް ސާބިތުވީމަ! ފައިސާ އަތުލެވޭނީ ޚިޔާނާތެއްވީމަ!,2
51200,dhuvas.mv,ވާހަކަ ވަރަށް ރީތި,1
51241,dhuvas.mv,ނޫން ރަގަޅަށް ބަލާބަލަ އެބައިނޭ 61,2
51251,dhuvas.mv,ކަންކަން އޮންނަ ގޮތް ނޭގި ތިބެ މޮޔަ ގޮވުމަކާ ނޫސްވެރިކަން ކަމުގައި ވާނަމަ ތިޔައާވާ ފައްކާ ކަމެއް,0
51274,dhuvas.mv,ތީތި ވވވވވވ ސަޅި,1
51281,dhuvas.mv,ވަރަށް ބޮޑު ތެދެއް ތިއީ!,2
51296,dhuvas.mv,ފިރިމީހާ ފޯނާ ކުޅެ  އެނދަށްއަރާ އަނބިމީހާ އަށް އަޅާނުލަންޔާ ހީޒް ޖަސްޓް ނޮޓް އިންޓްރެސްޓެޑް އިން ޔޫ ޑާލިންގް. މޫވް އޮން!,2
51297,dhuvas.mv,ލޮލުން ކަރުނަ ހިލިއްޖެ ހަމަ 🙁,2
51299,dhuvas.mv,"ސޯ ސޭޑް&#8230; 🙁",2
51315,dhuvas.mv,ޢަނބިމީހާ ގެ ހާލަކީ ވެސް ތީ,2
51326,dhuvas.mv,މީގެ ކުރިން މަލްޓިގްރޭޑް ހަދާފައިވަނީ ތަންކޮޅެއް މަތީ ގްރޭޑް ތަކެއް ކަމަށް ވެފައި މިހާރު މަލްޓިގްރޭޑް ހަދާފައިވަނީ އެންމެ ތުއްތު 2 ގްރޭޑް ކަމަށްވާތީ ކުރިން ދިމާނުވާ އެތައް މައްސަލަތަކެއް ދިމާވާނެ ކަމީ ޝައްކެއްވެސް ނެތްކަމެއް,2
51333,dhuvas.mv,ކުރުން ރަނގަޅުވާނީ. ރާއްޖޭގެ ވެރިކަންކުރާ ނިޒާމް އެހެންގައުމެއްގަ އޮންނަގޮތާ އެއްގޮތްވާން ނުޖެހޭ. ދިވެހިރައްޔިތުންނަށް އެއްމެރަގަޅުގޮތައް މިހާރު އޮތީ.,2
51341,dhuvas.mv,އައި ލަވް ޔޫ ޓޫ ނާއިކް,1
51343,dhuvas.mv,ތިޔަ އަންހެން ކުއްޖާ އަށް ޙްމަތް އިތުރުކުރައްވާ ސުވަރުގެ މިންވަރު ކުރައްވާށި. އަދި ހުރިހާ ދިވެހި އުޚުތުންނަށް ހިދާޔަތާއި ތެދުމަގު ދައްކަށި!,1
51345,dhuvas.mv,އެހެނެއް ނޫން އޮތީ. އިނގިރޭސި އާޓިކަލްތައް ޓްރާންސްލޭޓް ކުރަން ދަސްކޮށްބަލަ މޮޔަ ނުގޮވާ.,0
51376,dhuvas.mv,އެއީ ގޭމުގެ މައްސަލައެއް ނޫން މީހާގެ މައްސަލައެއް.ޕަބްޖީ ވަރެއް ނުވާނެ ހަމަ ރާއްޖޭގަ ޕަބްޖީ މަނާކޮއްފިއްޔާ މުޒާހަރާވެސް ކުރަަނަން,2
51390,dhuvas.mv,ޕަބްޖީ ރެސްޓް އިން ޕީސް! ނައު އައި ހޭވް ސީން އެވްރިތިންގް. ސަހާދެއް! ކަމަކާ މިއޮތީ ލައިގަނެފަ.,2
51399,dhuvas.mv,މިހާރުގެ ކިނބުލުގެ ހާލެއްނޭންގެ އަދި.. މަށައް ހީވަނީ ކިނބޫ މުޅި ދުނިޔޭގަ ކަންނޭންގެ ޕަބުޖީ ކުޅޭނީ.. 😠😠,0
51414,dhuvas.mv,އާމީން,1
51440,dhuvas.mv,ކޮންހާ ދޮނގުތަކެއް ހަދާކަށް.ގއ އަތޮޅު މަދަރުސާގެ %60 ޓީޗަރުން އަދި ނާދޭ.ފޮތް ހަމަނުވޭ.އޮޅުވާލަންވެސް ބޮޑުވަރު.ހެޔަޮ ތުއިވެފަ އިންޓަވިއު ނުދިނަސް.,0
51480,dhuvas.mv,"ސާބަސް ޖެންޑާ މިނިސްޓަރ ތިދެކުދިން ކަލޭމެނަ ވީނުވީއެތް ނޭގޭތާ މިހާރު މީ ފަސްވަނަދުވަސް އަދިކިރިޔާ ތި ރޭކާލީ ޔަތީމު ކުދިން ތިހާވަރައްބަލަހައްޓަންޏާ ވ ރަނގަޅު
ކޮބާތަ  އެ އަނގަފުޅު ސިދާތާ އެއްޗެކޭ ކިޔާލަބަ އަނގަފުޅު
     އަދިވެސް ކުއްޖަކު އިތުރު ކުރުވޭތޯބަލާބަލަ",0
51500,dhuvas.mv,ދަމުއި އެއީ ދިރިއަށްވުރެ ކުޑަ އެއްޗެއްކަން އެނގެނީ. ދަވިއްގަނދު ދިރިއަށްވުރެ ބޮޑުވާނެ.,2
51505,dhuvas.mv,އަޅޭ ހާދަ ކުރޭ😔,2
51529,dhuvas.mv,އެއީ ސައްޙަ ޙަދީޘުން އެކަން ޘާބިތު ވާތީ.,2
51538,dhuvas.mv,ދެންތަމައަށް ރަނގަޅު ގޮތްހަދާބަލަ ހަގީގަތް އެނގިބަލަ ތަމަންއަށް ކިޔެވިއެއްޗެއްގެ ބޭނުންވެސް ކުރެވޭގޮތްހަދާބަލަ އެދާނިޔަލްއަށް ރަނގަޅު  ފިލާވަޅެއްދީ އަދި ސީމާއަށްވެސް,0
51549,dhuvas.mv,ބައޯ ކިޔާފަ އެއް ނޫން.. ފިރުކިފަ,2
51550,dhuvas.mv,"ހީބިހި ނަގަން އުޅެފަ ނުނަގާ ދަނީ، ލިޔުމުގައި ހުރި ކުދިނަމަވެސް 
އިމްލާ ކުށްތަކުގެ ސަބަބުން &#8230;.",2
51555,dhuvas.mv,ކޮން ބައެއް އެރީ؟ ކަލޭ ގޭދޮށު މީހުން؟,2
51593,dhuvas.mv,ލައްބަ!,1
51605,dhuvas.mv,"3 ދުވަސް ވީ އިރުވެސް ވާހަކަ އަޕްލޯޑް ނުކުރެވޭ&#8230; ކިޔުންތެރިން އިންތިޒާރު ކުރުވަނީ ކީއްވެތަ؟ ހާދަ ހެއްވައޭ ދޯ؟ ދެން ލިޔާ އިރުވެސް ލިޔާނި ކުޑަ ކުޑަ ތަންކޮޮޅެއް&#8230; އެއްމެ ބައެއްގެ ތަންކޮޅެއް އަންނާނި؟ ދުވަހުން ދުވަހަށް ވާހަކަ އަޕް ކުރެވޭތޯ ބަލާބަލަ",2
51633,dhuvas.mv,"ނޫނޭ  އެބަައިން&#8230; ރަނގަޅަށް ބައްލަވާ!",0
51634,dhuvas.mv,އުމަރަކީ އަމިއްލަ ހިޔާލުގެ ފިލޯސަފާރ އެއް. އުމަރު ގެ ފާހަގަ ކޮށްލެވެނީ ވަގަށް ކައިގެން ބަނޑުހައިހޫނު ހަޅުތާލު ކުރުމާއި، މާލޭ އާއި ވިލިގިއްޔާ ދެމެދު ފެތުމާއި، ސިފައިގެއަށް ހަރުގަނޑެއް ބޭނުންކޮށްގެން ވަންނާނެގޮތް ކިޔައިދިނުންފަދަ ކަންކަމަކީ އުމަރު ގެ އަމިއްލަ ހިޔާލު.,2
51732,dhuvas.mv,ލިޔުން މޮޅު. ހިތާމަޔަކީ މީގެ 6 އެއްކަ ދުވަސް ކުރިން ނަޞްރުގެ ދުވަސް ފާއިތުވެ ދިޔަ ކަން ތިބޭފުޅާއަައްވެސް ނޭންގުނީތީއެވެ. ތި ކީ ހުރިހާ އެއްޗެއް ނޫސްވެރިއެއްގެ ހައިސިއްޔަތުން ތި ބޭފުޅާގެ ފެންވަރު ސާބިތުކޮށްދީފިއެވެ.,2
51823,dhuvas.mv,މިއީ މުސްލިމުންގެ އަގުވައްޓާލަން ކުޅޭ ޑްރާމާތަކުން އެއްޗަކާއި ވަރަށް ވައްތަރު. މިޒާތުގެ ކިތަންމެ ވީޑިއޯއެއް އުޅޭނެ.,2
51830,dhuvas.mv,ބޮންޑާ ލަވަކޭއްފެށީ ކޮންދުވަހަކި؟,2
51839,dhuvas.mv,އަސްލުވެސް ދޯ، ތިޔަ މީހުން އުޅެނީ ބޮޑަށް ރީނދުލުގަ,2
51871,dhuvas.mv,ދެރައީ މާލެ ނޫން ތަނެއްގަ އެޕްރިކޮޓް ކަހަލަ އެއްޗެހި ލިބެން ނުހުންނާތި,2
51901,dhuvas.mv,މާޝާ ﷲ ތީ ވަރަށް ހިއްވަރުގަދަ ކުއްޖެއް. ޔާ ﷲ މިފަދަ ހިއްވަރުގަދަ ކުދިން ތަކެއް ކަމުގައި މި އަޅާގެ ދަރިންވެސް ލައްވާށި.,1
51930,dhuvas.mv,إنّالله وإنّاإليه راجعون އަޖަލު ޖެހުނީ، ކޮންމެ ތަނެއްގައޮތަސް މަރުއައިސް ޖެހުނީމަ ލަހެއްފަހެއް ނޯންނާނެ، އުފަންވުމަށްފަހު މަރުވުމަކީ އެންމެ ޔަޤީންވާ ކަންތައް، މަރްޙޫމާށް ސުވަރުގޭގެ ދާއިމީ ނިޢުމަތް ލައްވައި، ޢާއިލާއަށް ކެތްތެރިކަން ދެއްވާށި!,1
51943,dhuvas.mv,އައްޑޫން ކަރަންޓް ކަނޑާތީ ކަންބޮޑުވުން ފާޅުކުރަން ފަށައިފި ނަމަވެސް އައްޑޫ މީހުން ގަބޫލުކުރަން ޖެހޭނެ ހަގީގަތަކީ އައްޑޫ އަށް ކަރަންޓް ދީގެން ސަރުކާރަށް ކޮންމެ މަހަކު ވަނީ މިލިއަނުން ގެއްލުމޭ. ކަރަންޓް ފަދަ އިންފްރާސްޓްރަކްޗަރ އަކީ އެއީ ލިބޭ އާމްދަނީ ގެ %35 މަދުވެގެން ކެޕިޓަލް އިންވެސްޓްމެންޓް އަށް ޚަރަދު ކުރަން ޖެހޭނެ ފައިސާ އޭ އެކަމަކު އައްޑޫ ގެ ކަރަންޓް ބޭނުން ކުރާ މީހުންނަށް ކުރާ ބިލް ތަކުން ކަލެކްޓް ކުރާ ރެވެނިއު އިން މިއަދަދާއި ގާތް ކުރާ އަދަދަށް ވެސް ފައިސާ ނުލިބެއޭ. އައްޑޫ އަށް ގެއްލުމުގައި ކަރަންޓް ދޭން ޖެހޭތީވެ އެކަން ކްރޮސް ސަބްސިޑައިޒް ކުރަނީ މާލެ ސަރަހައްދުން ލިޞޭ ޓެކްސް ފައިސާ އިންނޭ މީ މިކަން ދާއިމަށް ކުރެވޭނެ ގޮތެއް ނޫނޭ އައްޑޫ މީހުން މާލެ ސަރަހައްދަށް ބަދަލު ވުމޭ މީގައި ދެ ފަރާތަށް ވެސް ފައިދާ ބޮޑީ. އައްޑޫ އެންމެން މާލެ ސަރަހައްދަށް ބަދަލު ވެއްޖެނަމަ އޭގައި ފައިދާ ބޮޑު ވާނީ އައްޑޫ މީހުންނަށޭ ޔުއަރ ފިއުޗަރ ސީމްޑް ސޯ ބްރައިޓް ޔޫ ވިލް އޯލްވޭޒް ބީ މައި ހީރޯ ދެން އެން ދެއަރ..,2
51968,dhuvas.mv,"އަދިވެސް އައިފޯން &#8230; އެވަރެއްނެތް&#8230;. އެސް6 އާއި ވަކި ތަފާތެއް ނުވާކަމަށް ވަނީ???",2
51975,dhuvas.mv,ކޮންއިރަކު  ނ,2
51981,dhuvas.mv,ޝެއިޚްހަސީނާ ތިޔަ ނޫސް ކޮންފަރެންސް ނިންމައިލައިފައި ގެޔައް ގޮސް ސޫކީ އަށް ގުޅާއިފައި ބުނާޅެ ތަވަރު ކަމެއް ނެތޭ.. ތހިޔަ ކުރަމުންގެންދާ ކަނތެއް ކުރިޔަށް ގެނަދަހަރޭ.. ތިޔަ ޝެއިޚްހަސީނާ ތިޔާއި މަ ދަންނަ މީހެއްބަލަ,2
51988,dhuvas.mv,ކަންބޮޑުވުންތައް ނުވަތަ ގްރިވިއަންސް އެއްގޮތަކުން ނުވަތަ ދެން އޮތް ރިވެތި ގޮތަކުންވެސް އެދާއިރާގައި މަސައްކަތްކުރާ މުވައްޒަފުންގެ އާބާދީއިން އަޑު އިއްވުމަކީ އިންސާފު ހޯދުމާ ކަންކަން ރަނގަޅުކުރުމަށް އޮންނަ އަސާސެއް. ހިތުގައިވާ ކަންކަމަކީ ކޯޓަށް ބެލޭނެ ކަންކަމަށް ނުވާތީ އަމަލަށް ބަލާނަމަ ރިވެތި އުސޫލުން އަމަލުކުރި ކަމެއްގައި ހަރުކަށިކަން ދައްކަން ހެޔޮނުވާނެ. މަޝްވަރާގެ ރިވެތި ގޮތްތައް ކޮބައިތޯ.,2
51991,dhuvas.mv,މަހީކުރީ ބަރުމާގަ މުސްލިމުން ކަތިލަމުންދާ މައްސަލައިގަ ކަމަށް..! ސަލްމާނުބެއަކާ ވާކަމެއް ނޫން ދޯ އެއީކީ؟!,2
52004,dhuvas.mv,ހުންނާނެ ސައިޒު ވެފަ ބރމ ގަނޑު..!,0
52016,dhuvas.mv,ބަންގާޅުންނަށް ވަރަށް ފަސޭހަ ގޮތްތަކެއް މިގައުމުގައި ހަމަ ޖެހިފައިވޭ. އެހެންވެ ވަރަށް ގިނަ ގެއްލުންތަކެއް އާއްމު ރައްޔިތުންނަށް ވެސް ދިމާވަމުންދޭ.,2
52057,dhuvas.mv,އައިނީޑް ސަމްކޭޝް ގާސިމު ހައްދާލަންވެެގެން ބޮލުގެ އެއްޗެއް ހަދާލާފަ އަނެއްކާވެސް ސަމްކޭޝް ކޮޅެއް ލިބޭގޮތް ހަދާލީއެވެ.,2
52153,dhuvas.mv,ލަނޑާ ނަގަން ދާންވީ.. ވަޒީފާ މީ ބިޑި,2
52186,dhuvas.mv,ލާރި ކާން އުޅޭ މީހުން ހައްތަހާވެސް,0
52196,dhuvas.mv,ކަލޯ 3 ވަނަ ބޮޑު ހަނގުރާމަ ފެށެން ކައިރިވަނީ އަވަހައް ގޭތެރެޔައް ކާއެއްޗެހި ޖަމާ ކޮއްގެން ތިބޭ. ނޫއްނަމަ ފުން ކާއެތި ކޮޅެއްވެސް ހޯދަން ދާން ފުރުސަތު ނުލިބި ދާނެ.,2
52197,dhuvas.mv,މީދެން ކިހާ ދެރަކަމެއް އާމިރައް ހީވީ ދޯ ޝާރުޚްއާއި ކުރިމަތި ލާގެން އެކަށީގެންވާ އާމްދަނީ އެއް ނުލިބިދާނޭ. އެހެންވެ ދީ އަޖޭ ، އަކްޝޭ ފަހަތުގަ ތި އަޅުވާލީ، އެދެމީހުންގެ ފޭނުން މަދުވާނެކަން އިނގޭތީ ތިޔަ ތިންޚާނުން ރާވާގެން ކުރިކަމައް ތިޔަވާނީ. ވަރައް ކަޑަ ތީތި/. ތިޔަ ތިން ޚާނުން ތިޔަ ބޮލީ ވުޑުން މިހާރު ފޮހެލަން ޖެހިއްޖެ.,0
52212,dhuvas.mv,ތި ވާހަކަ ލިޔުނު މީހާ ވަރަށް ވިސްނުން ތޫނު ކަމަށް ބެލެވޭ..,1
52215,dhuvas.mv,ހުރިހާ ބަންގާޅީން މަރަންވީ މިތާންގަ އުޅޭ,0
52234,dhuvas.mv,ނަން ކަމުނުދަނި,0
52244,dhuvas.mv,"ކީއްވެތަ އަންދަލޫސްއޭކިޔާފައި ރަށު ރައްޔިތުން އެއްްނުކުރީ.. ؟
ލިބިފައި ހުރި މަގާމުއާއި ފައިސާކޮޅު ގެއްލިދާނެތީ ދެއްތޯ..",0
52250,dhuvas.mv,"މުޒާހަރާ ކޮށްގެން މާކަ ބޮޑު ފައިދާއެއް ނުހޯދޭނެކަން މިހާރު އެންމެނަށް ވެސް އެނގޭ&#8230; ދީނުގައި ވެސް އޮންނަނީ މަޝްވަރާ ކުރަން.",2
52295,dhuvas.mv,މަށަށް އެނގުނީ ރައީސް ޔާމީންވެސް މި ދައުރު ނިމުމުގެ ކުރިން އަމިއްލައަށް އުޅެވޭ ވަރު ކުރާނެޔޭ,2
52322,dhuvas.mv,މައްސަލަ ޔަކަށް ވަނީީ ޖީބަށް ވަންނަ އަދަދު އިތުރު ނުވެ ބޭރު ކުރަން ޖެހޭ އަދަދު މަތި ވާތީ. ގިނަ ރައްޔިތުން ނަކީ ތިބޭފުޅާ ކަހަލަ ފުދުން ތެރިން ނަށް ނުވާތީ. ސާފު ވެއްޖެ ދެއްތޯ.,0
52335,dhuvas.mv,"ކޮއްކޯ މުސްތަގްބަލުގައި ވޯޓަށް ސަލާން ޖަހާން ދާކަށް ނުޖެހޭނެ&#8230;&#8230; ހުރިހާ ކަމެއް ހިނގާނީ އީ-ވޯޓިންގ ސިސްޓަމް ބޭނުންކޮށްގެން އަޑިއަޑިން&#8230;..
ކުރީންވެސް ވޯޓު ގަންނަނީ ދެންވެސް ގަންނާނީ!&#8230;.. -/500 ރ. އަށް ގަނެ ނުލެވޭނެ ރާއްޖޭގެ ރައްޔިތެއް މަދުވާނެ&#8230;.
ދެން ލަލަލާ!",0
52344,dhuvas.mv,މުޢިއްޒުއަކީ ދޮގުހަދާމީހެކެވެ. އޭނާ އެ ޓްރެކް ހަދަނީ ސިންގަޕޫރު ބަޔަކާ ޙަވާލުކޮށްގެންނެއްނޫނެވެ.,0
52363,dhuvas.mv,ޢުރީދޫ ޕުރީޕެއިޑް ގެންގުޅޭ މީހުންނަށް ޗާންސެއް ނެއްތަ؟؟,2
52364,dhuvas.mv,އަސްލުވެސް ތިީ ވަރަށް ރަގަޅުކަމެއް..,1
52366,dhuvas.mv,"ޢަންމި ހާދަ ހިތްވަރުގަދަަަައޭ&#8230;&#8230;.",1
52377,dhuvas.mv,"އެބުނީ4:50ގަ އޭ&#8230;5ޖަހާ ބޮޑު ވި އިރު ވެސް އަލިފާންގަނޑު އެއްކޮށް ހުލި ނުވޭ..ކީކޭ ކިޔާނީ&#8230;",2
52379,dhuvas.mv,ނާޒިމް ނިޔާވީ 2006 ނޮވެމްބަރ 21 ގަ,2
52385,dhuvas.mv,އިރުގެ ދޯދިތައްވެސް ހުންނަނީ ރީނދޫކުލަގައި އެންމެ ގިނަ މޭވާވެސް ދޮންވީމަ ހުންނަނީ ރީނދޫކުލައިގަ. ތިޔަ ހާމޮޅިއްޔާ މިތަކެތިން ރީނދޫކުލަ ފިލުވާލަބަލަ.,2
52388,dhuvas.mv,މިއަންނަ އަހަރޭ؟ އަދި ހާދަ ގިނަ ދުވަހެއް އެބަ އޮތޭ.,2
52434,dhuvas.mv,ކުޅިގަނޑު ތިޔަ ފެށުނީ,2
52435,dhuvas.mv,"މިވެސް ހަބަރެއް
މީ ސުރުހީއެއް",2
52498,dhuvas.mv,ތީ ސެއިލްފިން ލިޒާޑް އަޅާފަ ހުރި ބިސް ކަމުގައި ބެލެވެ.,2
52508,dhuvas.mv,"ލޮލް! އެޔީ &#8220;ދިފާއުގައި&#8221; ދޯ!؟ އޯކޭއެއްނު! އިޒްރޭލް އެއްނު!؟ ޔޫއެން އަކަށް ނުފެންނާނެ؟! ހިތައްނުފެނި ގުނަވަނަކަށް މިފެނުނީ؟!",2
52519,dhuvas.mv,"ކުއްޖާ ހަވާލު ކުރާނީ ހަމަ ކުއްޖާގެ މަންމަޔާ&#8230;.",2
52535,dhuvas.mv,އިންޑިއާ އަދި އެމެރިކާ މެދުގައި ވެފައިވާ އެއްބަސް ވުމަކީ އިންޑިއާ ކަނޑުގެ އަމާންކމައް އެޅުނު ހުރަހެއް.  މިކަމުގެ ސަބަބުން އަވައްތެރި ގައުމުތަކުގެ އަމާން ކަމައް ގެއލުން ލިބޭނެ، އަދި މިކަމުގެ ސަބަބުން ޢިންޑިއާ ކަނޑުގައިވާ  ޖަޒީރާ ގައުމު ގެ އިގްތިސާދައް އެމެރިކާ އާއި އިންޑިއާ ގެ ބާރުފޯރުވުމައް ހިންގަމުންދާ ކަމެއް. މިއީ އިންޑިއާ ކަނދުގެ ގިނަ ގައުމު ތަކަކުން  ޗައިނާ ގެ އެހީހޯދާ  ކުރިޔަށް ދިއުމައްކުރާ މަސައކަތައް އިންޑިއާ އިން ހުރަސް އަޅަން ރާވާލި ކުޅިގަޑެއް. އިންޑިއާ ގައި ޕީޖޭޕީ ސަރުކާރަކީ މުސްލިމުންނާ ދޮކޮޅޫ ސަރުކާރެއް.,2
52578,dhuvas.mv,ހީހީ ހީ ކޮޕީސް ޕޮޕިން ޓީކޯ؟؟؟؟؟؟؟؟؟,2
52608,dhuvas.mv,ދީނީ ނަޒަރަކުން ބަލާލަމާ,2
52654,dhuvas.mv,"ދިވެހިން ދިވެހިން ހަލާކު ކުރަނީ.. ދިވެހިންނަށް ކުރެވެން ވެސް ހުރިކަމަކީ ކުޅިބެލުން. އެހެންނު ވާނީ ކޮރަޕްޓް މީހުންވިއްޔާ ތިބެނީ.
ހުރިހާތަނެއްގަވެސް ކޮރަޕްށަން..",0
52773,dhuvas.mv,ދިވެހިން ނުކުރާނެ ގަވާއިދާ ހިލާފުކަމެއް,1
52794,dhuvas.mv,"&#8220;ބޫސްޓް&#8221; ކޮށްފަޔޯ. ކެކެ",2
52806,dhuvas.mv,"އިންޓްރެސްޓިންގ&#8230;.",2
52856,dhuvas.mv,ތީ އަދި މާބޮޑު ކަމެއް ނޫނެއްނު..ތީނަ ބަންދެއް ނުކުރެވޭނެ. މާދަން ނޫން އަނެއް ދުވަހު ދޫކޮށްލާނެ.. އެހެންޏާ ދިވެހި ރައްޔިތެއްގެ ގަޔަށް އެއިޑުސް ލޭ އެޅިމީހާވެސް ދޫކޮށްލީ ވިއްޔާ.,2
52864,dhuvas.mv,ވާހަކައިން ވަރަށް ރަނގަޅު އިބްރަތެއް ޙާސިލްވި. ނަމަވެސް ނަން ކަމަކު ނުދޭ. އެއީ މުޢުޖިޒާތަކީ ހަމައެކަނި އެކަލާނގެ ރަސޫލުންނާއި ނަބީންގެ އަތް މައްޗަށް ފާޅުކުރައްވާ އެއްޗެއް.,1
52895,dhuvas.mv,ކޮބާ ރޭގަ މީހަކުވެސް މަރާލިޔެއް ނޫން. މީ އަނިޔާވެރިކަން އިތުރު ކުރުމަށް މިމީހުން ހިންގާވަރަށް އޮގަނައިޒް ހަރަކާތެއް ފުލުސް މީހާ އަކީ އިންސާނެއް ނޫންތަ ކީކުރަންތަ އޭނަގެ ބޯފަޅާލީ.އެހެން ވީމާ ރޭގައި ހިގި ދެކަމކީވެސް މިމީހުންގެ ކަމެއްކަނޤ ވަރައް ސާފް,2
52957,dhuvas.mv,ކަލޯ މިސައިޓް އިން ހުސް ބޮކި ފެންނަނީ.,0
52997,dhuvas.mv,"ތެދެއް&#8230;ލައިވް ޖަލްސާއެއްގައި ކިޔަމުންދާ ތަކެތި އަވަސްކޮށް ޓްވީޓް ކުރާއިރު ހަމަ ތިހެންވެދާނެ&#8230;އެއީ މާބޮޑު މައްސަލައެއްނޫން.",2
53025,dhuvas.mv,"އައިއެސް ދެކެ ބިރުނުގަންނަކަމަށާ ، ބިރުގަންނަނިީ ހެއްދެވި ފަރާތް ދެކެ ކަމަށް ބުނުމުން ތީ އެއްވެސް ތާކުން ތާކު ނުޖެހޭ ބުނުމެއްކަން ހާމަވެއްޖެ ، ސަބަބަކީ ހެއްދެވި ފަރާތް ދެކެ ބިރުގަންނަމީހަކު މާތްރަސްކަލަންގެ ހަރާން ކުރައްވަވާފައިވާ ކަމެއްކުރަމުން މުޅި އުމުރުނަގަލާކަމީ ކިހައިބޮޑު ޖޯކެއްތޯއެވެ. ބަލަގަ މާތްރަސްކަލާންގެ ވަނީ އެއިލަހުގެ ފޮތުގަ ލަވަޔާ މިޔުޒިކު ހަރާން ކުރައްވަވާވަ ، އަދި މާތް ނަބިއްޔާގެ ތާހިރު ސުންނަތުން އެކަން ސާބިތުވޭ &#8230;",2
